Time,Open,High,Low,Last,Change,Volume,"Open Int",IV,Delta,Gamma,Theta,Vega,Rho,Theo,Price,Strike
01/21/2022,0.59,1.03,0.01,0.01,-1.06,142051,52680,20.94%,0.0064864859479831,0.0038182397454218,-0.043981777596752,0.0041471394375953,7.238096175662E-5,0.010000377627774,437.98,450
01/20/2022,5.13,9.11,0.99,1.07,-3.34,33329,50880,25.10%,0.29204452178709,0.058526903556684,-1.0039762777225,0.080303251712218,0.0032188310350456,1.0700046467399,446.75,450
01/19/2022,9.36,10.45,4.21,4.41,-4.14,6293,50769,25.49%,0.58413244377783,0.045798363979979,-0.82358613039402,0.13041033542223,0.012373319424608,4.3250063433837,451.75,450
01/18/2022,11.17,11.41,7.75,8.55,-7.44,1302,50756,27.57%,0.71999752009366,0.029539008903066,-0.63133964171828,0.13927411724731,0.0220254620098,8.460007531509,456.49,450
01/14/2022,13.21,15.99,12.26,15.99,0.19,350,50747,23.96%,0.83758399704325,0.016460421133432,-0.26098486259483,0.15791871391932,0.054380735248216,15.990010444977,464.72,450
01/13/2022,22.5,23.02,15.3,15.8,-5.59,551,51041,22.27%,0.83590521171875,0.016225472918156,-0.22742301421408,0.16984669138835,0.061698004039101,15.800008705401,464.53,450
01/12/2022,22.94,23.37,19.99,21.39,1.57,166,51192,23.93%,0.89134902584167,0.010605038587164,-0.17366230657561,0.13750268410971,0.069302871885668,21.875001863847,471.02,450
01/11/2022,16.35,20.42,14.79,19.82,2.82,224,51287,22.01%,0.88439541875794,0.011525836982402,-0.15714552491275,0.15105568685339,0.076093486178763,20.63501159478,469.75,450
01/10/2022,15.2,17.1,11.2,17,-0.85,4447,51429,21.03%,0.82722647781552,0.015597958786183,-0.18814249450181,0.20617683981811,0.082856599137315,17.000018596966,465.51,450
01/07/2022,19,20,17.6,17.85,-2.82,189,51530,20.32%,0.81551875921559,0.014453329700847,-0.16729998429404,0.24266925948785,0.10450187115651,17.850015229486,466.09,450
01/06/2022,20.69,21.62,18.85,20.67,-0.14,77,51607,22.86%,0.80573587066521,0.013717688335491,-0.18944849392237,0.2603697584979,0.11219915307947,20.165022160228,467.94,450
01/05/2022,27.8,28.25,19.73,20.81,-8.04,281,52152,23.93%,0.79362732897898,0.012208867268892,-0.20006788204241,0.27917070862561,0.11890194251407,21.005019458765,468.38,450
01/04/2022,30.15,30.58,27.3,28.85,1.09,282,52396,20.04%,0.92048031750342,0.007283569168949,-0.081233221957182,0.15115166423509,0.11306586467086,28.17501407284,477.55,450
01/03/2022,27.52,28.46,25.83,27.76,1.25,166,52455,20.38%,0.91148676939002,0.0075276336858288,-0.087344650533517,0.1689551391886,0.126200120798,28.460000204017,477.71,450
12/31/2021,27.83,27.9,26.32,26.51,-0.86,9238,44522,22.12%,0.85116851019311,0.0092813657462326,-0.12980728121514,0.26320705592978,0.1559422284636,26.740016577249,474.96,450
12/30/2021,29.5,30.17,27.37,27.37,-1.9,1126,43566,22.06%,0.85740040828327,0.0088196839133057,-0.12271744156694,0.26231028868536,0.16242643230413,27.875025346983,476.16,450
12/29/2021,29.19,29.61,28.1,29.27,-0.13,9876,37586,20.66%,0.879057943993,0.008222399595669,-0.099065998704833,0.23968658567717,0.16572846961438,28.780013044522,477.48,450
12/28/2021,29.32,30.25,28.31,29.4,0.27,7243,34798,23.46%,0.83917963337372,0.0095235955877569,-0.13407690148126,0.2968111014666,0.17157321052785,29.070007871656,476.87,450
12/27/2021,25,29.13,25,29.13,5.22,365,34904,22.13%,0.85145398933485,0.0084859722320953,-0.11612069984466,0.28749801858774,0.17795749251981,29.13001832306,477.26,450
12/23/2021,22.44,24.9,22.44,23.91,2.29,1381,34984,20.57%,0.78626844718711,0.010748471368397,-0.12785600621024,0.38489408202629,0.20838670367063,23.705030227746,470.6,450
12/22/2021,16.33,21.62,16.33,21.62,2.92,305,35211,21.17%,0.74414793495251,0.011400841407838,-0.14290289847807,0.43003270551279,0.20929647052507,21.845013149361,467.69,450
12/21/2021,16,18.8,14.8,18.7,4.14,738,34266,21.22%,0.68504620782657,0.012462839799019,-0.15512844882552,0.4782563032545,0.20505002259104,18.700029576167,463.06,450
12/20/2021,14.73,14.73,12.57,14.56,-3.1,11585,26024,23.01%,0.57251419382875,0.012686100008127,-0.18250214323917,0.52780277584268,0.18368668956252,14.710027269108,454.98,450
12/17/2021,19.04,20.5,16.34,17.66,-3.83,837,25936,22.26%,0.63190635480794,0.011933958575346,-0.16271058394831,0.53566760068437,0.21606878641833,17.779999999991,459.87,450
12/16/2021,24.94,25.13,20.24,21.49,-2.41,415,25944,19.66%,0.72602175924478,0.011637306894465,-0.12439004698717,0.48638143965664,0.24618783752336,21.050043533651,466.45,450
12/15/2021,18.91,24,17.79,23.9,5.21,198,25938,18.85%,0.77840173902569,0.010626412321615,-0.10409850402655,0.44337740649487,0.25798039349212,23.900034605059,470.6,450
12/14/2021,18.33,20.2,17.22,18.69,-2.58,411,25816,19.11%,0.68858321344281,0.012446564730593,-0.12422307841603,0.52697056784445,0.24962605849055,18.824999999969,463.36,450
12/13/2021,23.96,23.96,21.27,21.27,-3.05,349,25809,19.04%,0.72565877674435,0.011553729512933,-0.1152834701201,0.50657962236394,0.26578924305909,21.190016874725,466.57,450
12/10/2021,23.57,24.41,22.3,24.32,2.87,113,25809,18.42%,0.77093083815013,0.010395953481074,-0.09694094299993,0.48137500810436,0.29065569269922,24.320030745998,470.74,450
12/09/2021,22.82,23.35,21.45,21.45,-2.55,197,25753,18.98%,0.71460691529932,0.011448994761437,-0.11126272145472,0.5419343286767,0.28995237766338,21.449999999967,466.35,450
12/08/2021,23.47,24,22.62,24,-0.1,135,25773,19.21%,0.74481981748162,0.01033776778183,-0.10542769956843,0.5213937805898,0.30061287716876,24.000031875948,469.52,450
12/07/2021,20.43,24.32,20.43,24.1,5.78,771,26029,20.88%,0.71462443129218,0.0099572769034107,-0.12066072936613,0.55658899199541,0.30244035578164,24.100006693077,468.28,450
12/06/2021,17.31,19.7,16.26,18.32,1.77,9698,23642,21.41%,0.60902911225901,0.01105055179418,-0.13760708778985,0.62382422956274,0.27309216221738,18.255032888036,458.79,450
12/03/2021,18.88,18.88,15.13,16.55,-1.74,2257,23292,22.34%,0.5466257672927,0.010707194955416,-0.14294524016784,0.6568808309251,0.26373027672832,16.175038736988,453.42,450
12/02/2021,14.7,19.17,14.62,18.29,3.04,1727,23607,21.64%,0.59003791332029,0.010649810704166,-0.13488358241105,0.65647766749461,0.28779658221999,18.119999999998,457.4,450
12/01/2021,19.81,21.93,14.99,15.25,-3.13,1814,23476,22.82%,0.51577825925358,0.010393728406757,-0.14378273638545,0.67009650272007,0.26159919620416,15.250057355514,450.5,450
11/30/2021,20.9,21.58,17.39,18.38,-4.12,1098,23501,23.13%,0.5669611261867,0.0099167522442843,-0.14326184458633,0.67479518348326,0.28887828535622,18.335037550828,455.56,450
11/29/2021,22.93,23.16,20.88,22.5,2.3,135,23564,20.81%,0.66538840294228,0.0099317553223775,-0.11852452522604,0.64258782388243,0.33747568747603,22.500045647837,464.6,450
11/26/2021,21.78,22.75,19.7,20.2,-3.94,621,23564,22.11%,0.6009587556798,0.009744762741683,-0.12996325627489,0.69226867056106,0.32667345882333,20.200027386244,458.97,450
11/24/2021,22.89,24.46,22.89,24.14,1.15,61,23578,18.46%,0.72464825512356,0.0097447199259451,-0.090816721608986,0.62159729013327,0.38419307883212,24.884999999984,469.44,450
11/23/2021,23.5,24.7,22.3,22.99,-0.51,148,23623,17.93%,0.7158243580495,0.010132641551489,-0.088490489574577,0.63492798218978,0.38711885227575,23.740033869896,468.19,450
11/22/2021,26.5,28.2,23.5,23.5,-1.56,147,23572,19.08%,0.69792161945499,0.0097095852650083,-0.096980481873269,0.65824415372305,0.39043727556082,24.154999999984,467.57,450
11/19/2021,25.37,26,24.75,25.06,-0.02,249,23598,18.61%,0.71063631444343,0.0095049595277208,-0.090229905092527,0.66280597335815,0.41280088606636,25.060043855197,468.89,450
11/18/2021,24.95,25.75,23.3,25.08,0.83,125,23625,17.63%,0.72657263950681,0.0096872636822805,-0.081532678180007,0.65070516379482,0.42168255139548,25.080035494091,469.73,450
11/17/2021,24.35,24.5,23.9,24.25,-1.05,226,23715,17.97%,0.70621247536545,0.0097843599730137,-0.08558534724957,0.67673851859688,0.42114738185717,24.250040325358,468.14,450
11/16/2021,24.3,25.8,24.3,25.3,2.05,40,23716,17.62%,0.71943858106552,0.0096747239470119,-0.081204750540823,0.66851994291652,0.43119185496228,24.909999999819,469.28,450
11/15/2021,24.57,24.57,23.14,23.25,-0.38,231,23704,17.72%,0.69872253249047,0.0098981520398342,-0.083854818648611,0.69394544984382,0.43022389668579,23.750066505872,467.43,450
11/12/2021,21.8,24,21.54,23.63,1.83,55,23696,17.85%,0.6923549425127,0.0097057982963512,-0.083377348780341,0.71562660909624,0.44557546630131,23.97999999993,467.27,450
11/11/2021,21.92,22.53,21.75,21.8,-0.099999999999998,74,23748,17.98%,0.65524500204636,0.01008520632326,-0.087347920761911,0.75004649333042,0.43813692673922,21.800017311917,463.77,450
11/10/2021,23.3,24.37,21.22,21.9,-2.4,532,24213,18.13%,0.651759431903,0.0099710129512763,-0.087786309431613,0.75789571166472,0.44192261317022,21.900022026098,463.62,450
11/09/2021,26.1,26.1,23.76,24.3,-1.4,751,24646,17.85%,0.68990896404849,0.0095357647128586,-0.08176947068625,0.73345044306156,0.4629903043174,24.299999999888,467.38,450
11/08/2021,26.45,26.45,25.4,25.7,0.24,510,23103,18.18%,0.70055939149602,0.0091293942069779,-0.08159853836104,0.7293717013276,0.47516711134676,25.700046543253,468.93,450
11/05/2021,25.4,26.69,25,25.46,1.86,3183,24869,17.13%,0.70297167245575,0.0094796949689416,-0.074419857961624,0.74030091045572,0.49291470070045,24.885070652597,468.53,450
11/04/2021,23.01,23.78,22.36,23.6,1.5,385,25137,16.83%,0.68892020958652,0.0098208692199807,-0.073923782694534,0.75802845795061,0.49099274974651,23.600002899354,466.91,450
11/03/2021,19.93,22.2,19.5,22.1,1.82,501,25485,16.72%,0.66667601610493,0.010148699672564,-0.074979483308728,0.78171945832022,0.48690263980689,22.099999999961,464.72,450
11/02/2021,19.63,20.43,19.53,20.28,1.18,600,26061,16.65%,0.6371486186075,0.010507296539643,-0.076527777951085,0.8068827570651,0.47401934644142,20.280066081058,461.9,450
11/01/2021,19.52,19.52,18.22,19.1,0.21,227,26061,16.53%,0.61715409312405,0.01073208612796,-0.076770237218717,0.82301932875512,0.47060355375568,19.100043104851,460.04,450
10/29/2021,17.93,19,17.26,18.89,0.89,299,26056,16.59%,0.60653472405161,0.0106015984208,-0.076114102247827,0.8432569439488,0.47985158839007,18.89004457225,459.25,450
10/28/2021,16.38,18.15,16.38,18,2.18,1624,26025,16.07%,0.59813593716676,0.010965259740867,-0.073365803025011,0.85134503332622,0.47996109546015,17.96008086885,458.32,450
10/27/2021,16.59,17.04,15.73,15.82,-0.86,663,26638,16.41%,0.54835690282242,0.011019442956508,-0.076317570125097,0.86922740118706,0.45493283658734,15.820060856944,453.94,450
10/26/2021,17.09,18.25,16.68,16.68,0.77,422,26795,15.97%,0.5712897004604,0.011118215433708,-0.07298409747026,0.87008450559916,0.47545089927326,16.640049198041,455.96,450
10/25/2021,15.44,16.3,14.62,15.91,1.12,1016,26239,15.51%,0.5675053965459,0.011418645434651,-0.070305954412002,0.87548374249952,0.47517932735275,16.070066512794,455.55,450
10/22/2021,14.73,15.59,14.01,14.79,-0.25,374,26343,15.34%,0.53887930027531,0.01151479666813,-0.068871467877572,0.89477656270435,0.47460777234202,14.789999999992,453.12,450
10/21/2021,14.07,15.04,13.88,15.04,0.78,1167,26382,15.13%,0.54434174284729,0.011588370399442,-0.06731215939362,0.89898251275933,0.48105710419577,14.920063742156,453.59,450
10/20/2021,13.6,14.69,13.6,14.26,0.67,706,26376,14.95%,0.53021950798647,0.011725856320028,-0.066208037649902,0.90482973732901,0.47804986760269,14.190085644039,452.41,450
10/19/2021,12.5,13.59,12.31,13.59,1.88,2151,24937,15.30%,0.50969666307915,0.011466190558841,-0.067634629672645,0.90866333158542,0.46617423743456,13.649999999987,450.64,450
10/18/2021,10.34,11.81,10.04,11.71,0.53,1946,24817,14.95%,0.46854164905977,0.011719057166015,-0.065286761655888,0.90436579857483,0.4375026401604,11.710061629054,447.19,450
10/15/2021,10.47,11.23,10.12,11.18,1.69,1001,24842,14.83%,0.45308192012014,0.011621753433375,-0.063299551275518,0.91231671929946,0.43656638197831,11.180066410835,445.87,450
10/14/2021,8.19,9.57,8,9.49,2.68,2760,23307,14.64%,0.41264574198829,0.011593797752512,-0.06080979933865,0.89461738708158,0.40437036030738,9.6000572589859,442.5,450
10/13/2021,6.83,6.94,5.91,6.81,0.42,750,23307,14.38%,0.32715062682513,0.011063466411734,-0.054714413973489,0.81995359649098,0.3248453011769,6.7250311236088,435.18,450
10/12/2021,7.48,7.54,6.39,6.39,-0.95,1561,23687,14.51%,0.3125940953629,0.010729583874526,-0.053810426821198,0.80584856920916,0.31560513003015,6.3900645763555,433.62,450
10/11/2021,8.64,9.46,7.34,7.34,-1.36,475,23612,15.18%,0.33360237859667,0.010788988769338,-0.057734166379995,0.83364731780555,0.33606174887346,7.3400439912743,434.69,450
10/08/2021,9.23,9.5,8.64,8.7,-0.82,489,23558,15.26%,0.36995253505213,0.010577651331156,-0.059477160459123,0.88420211431338,0.38313901673526,8.700056247537,437.86,450
10/07/2021,9.5,11,9.46,9.52,1.18,1340,22703,15.85%,0.38447135033945,0.010235051200507,-0.062358158027515,0.90063692163733,0.40056899752727,9.590076788983,438.66,450
10/06/2021,6.44,8.34,6.29,8.34,0.69,1932,21843,15.93%,0.34790486458102,0.0098873897435526,-0.060070477929456,0.86787459098847,0.3654387004115,8.3400193873809,434.9,450
10/05/2021,6.86,8.34,6.63,7.65,1.03,548,21843,15.77%,0.32891457928248,0.0097646381034718,-0.057722135069987,0.84988809001186,0.35037041379304,7.6500793116557,433.1,450
10/04/2021,8.07,8.07,5.96,6.62,-1.88,1148,21954,16.15%,0.29256479333887,0.0091094459103199,-0.055708193130222,0.80335454569522,0.31483592022319,6.6399999999884,428.64,450
10/01/2021,7.11,8.84,6.07,8.5,1.76,2222,21874,15.83%,0.34354436474452,0.0096983263897284,-0.057824164700031,0.88234919837594,0.37719768219979,8.3100652421093,434.24,450
09/30/2021,9.23,9.25,6.74,6.74,-2.38,815,21869,15.82%,0.29612228622689,0.0091734035505836,-0.053796389851367,0.82342602950084,0.33043609115602,6.740057195274,429.14,450
09/29/2021,9.09,9.81,8.8,9.12,0.24,319,21895,16.52%,0.35445954570571,0.0093122652107666,-0.060630794856165,0.90080883264395,0.39430324427769,9.1199999999427,434.45,450
09/28/2021,10.71,10.8,8.67,8.88,-2.86,1376,20597,16.64%,0.34666742512727,0.0091484788264776,-0.059324153924439,0.89561891672221,0.3888157669163,8.9249999999711,433.72,450
09/27/2021,12.1,12.35,11.66,11.74,-0.82,335,20597,15.91%,0.42636240355428,0.0099377561502816,-0.06011883983625,0.97391367398054,0.47539828281392,11.740047077184,442.64,450
09/24/2021,11.94,12.82,11.94,12.56,0.06,457,20584,15.76%,0.44220937125931,0.0099287796469342,-0.060350873383708,0.99687817395131,0.5120260452666,12.480077356705,443.91,450
09/23/2021,11.18,13.4,11.1,12.5,1.91,730,20598,16.11%,0.43722988038996,0.0096736307349015,-0.061283656660249,0.99748717953841,0.50948836616271,12.555070164309,443.18,450
09/22/2021,10.27,11.51,10.13,10.59,1.1,422,20498,16.39%,0.38876165373383,0.0093169595053865,-0.060109782622974,0.96323397063159,0.45791842525252,10.685050893865,437.86,450
09/21/2021,10.88,11.41,9.49,9.49,-0.73,1383,19792,16.76%,0.35459218687899,0.008886084955493,-0.059323100794984,0.930124829353,0.42017147783291,9.5399999999581,433.63,450
09/20/2021,10.62,11.09,9.2,10.22,-2.14,6404,16935,17.17%,0.36313863934345,0.0087404565152586,-0.061185266502987,0.94253858977791,0.43261484972135,10.140006225987,434.04,450
09/17/2021,14.2,14.2,12.36,12.36,-2.14,602,16935,16.39%,0.42448772047145,0.0092558852958781,-0.060554895428159,1.012494569243,0.51997400785098,12.465054389455,441.4,450
09/16/2021,15,15,13.55,14.5,-0.5,402,16755,15.78%,0.4763849777206,0.0096216468260548,-0.059132197207219,1.0459842113287,0.58329229979392,14.499928432526,447.17,450
09/15/2021,13.73,15.24,13.25,15,1.53,463,16659,15.95%,0.48362415710657,0.0094771420960209,-0.059539614283149,1.052567558775,0.59584614420238,15.065056419754,447.88,450
09/14/2021,15.45,15.45,13.25,13.47,-1.52,328,16536,16.00%,0.44915763569527,0.0094083397107955,-0.059065290972703,1.0408075459894,0.56124685772948,13.470064818402,444.17,450
09/13/2021,15.85,15.9,14,14.99,0.029999999999999,487,16393,16.34%,0.47335606561691,0.0091878666939418,-0.060581014925385,1.0562828133277,0.59113880723771,14.990079728709,446.58,450
09/10/2021,17.01,17.01,14.8,14.96,-1.48,822,15850,16.65%,0.46460888902224,0.008920623002109,-0.060859790089657,1.0641308940203,0.59586667422451,14.960067314722,445.44,450
09/09/2021,17.55,17.96,16.44,16.44,-0.92,681,15552,16.38%,0.49591111797602,0.009005358732229,-0.059990027930828,1.0800795118124,0.63467359439073,16.440080665484,448.98,450
09/08/2021,17.67,17.95,16.87,17.36,-0.4,191,15385,16.27%,0.51339319906999,0.0089945317393959,-0.059396280483052,1.0873901495323,0.65227681700364,17.35990474918,450.91,450
09/07/2021,17.65,18.12,17.55,17.76,-0.65,239,15125,16.24%,0.51826232033343,0.0089634414142244,-0.059017560219127,1.0921413837841,0.6631740649965,17.669911026055,451.46,450
09/03/2021,17.9,18.72,17.9,18.41,0.1,449,15125,15.93%,0.53239812322196,0.0089599304490034,-0.056756309737084,1.1091455474175,0.69900638788312,18.409999999998,453.08,450
09/02/2021,18.52,18.94,18.11,18.31,0.62,100,15125,15.88%,0.53327522900203,0.0089551595986364,-0.056309208820128,1.1131300143298,0.70515918215719,18.464999999992,453.19,450
09/01/2021,18.21,18.5,17.69,17.69,-0.49,81,15125,15.94%,0.52069476653574,0.00893294191195,-0.056409283318144,1.116288228159,0.69568978755541,17.854999999996,451.8,450
08/31/2021,17.98,18.51,17.83,18.18,-0.050000000000001,68,15125,16.28%,0.51904934850526,0.008717161322944,-0.057589551398257,1.1198299254164,0.69704057601427,18.179999999993,451.56,450
08/30/2021,17.4,18.92,17.34,18.23,1.08,358,14981,15.97%,0.52444316239577,0.0095290054517898,-0.056075917384114,1.1244645752747,0.71002282950872,18.229999999994,452.23,450
08/27/2021,15.9,17.34,15.85,17.15,1.55,996,14032,15.78%,0.50635132643508,0.0089092693230697,-0.054702817383691,1.1331889616563,0.70045761475512,17.150072582218,450.25,450
08/26/2021,16.57,16.57,15.6,15.6,-0.99,421,14032,16.07%,0.47188927512816,0.0087605718400835,-0.055417554384408,1.1254963896157,0.66829704585084,15.600079648879,446.26,450
08/25/2021,16.33,16.92,16.33,16.59,0.13,153,14032,15.77%,0.4945930691422,0.008877452548016,-0.054296133032871,1.1376056119263,0.69334405843335,16.590051801581,448.91,450
08/24/2021,16.33,16.65,16.33,16.46,0.45,1224,13717,15.88%,0.48653423544112,0.0088004346737289,-0.054406431818421,1.1384971256828,0.68620113324869,16.300105975782,447.97,450
08/23/2021,15.13,16.5,15.13,16.01,1.56,325,13392,15.93%,0.48039971340385,0.0087544379360166,-0.054270769808489,1.139745472768,0.68182956454166,16.055094932658,447.26,450
08/20/2021,13.37,14.53,13.37,14.45,0.82,61,13392,15.96%,0.44659672823396,0.0086457481188561,-0.053215485265536,1.1332191463785,0.65784697008316,14.450069312714,443.36,450
08/19/2021,12.73,13.78,12.6,13.63,0.53,267,13297,16.53%,0.42083081728759,0.0082893358332032,-0.054337115375599,1.1161731340906,0.62561318728679,13.630108423797,439.86,450
08/18/2021,14.47,14.85,13.1,13.1,-1.41,164,13191,16.25%,0.41353862298208,0.0083828597822963,-0.052979222175213,1.113747620744,0.61944391432129,13.100072013862,439.18,450
08/17/2021,14.77,14.77,13.5,14.51,-1.1,177,12833,15.55%,0.45100675972624,0.0087884334653859,-0.051360475135381,1.1475502070582,0.67835213342822,14.46007265892,444.04,450
08/16/2021,14.77,15.63,14.05,15.61,0.51,616,12833,15.56%,0.47732900305767,0.0087621101567177,-0.051638788401427,1.1645065803445,0.70908157449405,15.880086252114,446.97,450
08/13/2021,14.85,15.1,14.75,15.1,0.29,190,12833,15.19%,0.46673406421191,0.0088988171868031,-0.049634322486372,1.1705851660881,0.70759361244418,15.100088981155,445.92,450
08/12/2021,14,14.81,13.79,14.81,0.55,58,12833,15.23%,0.4596008073916,0.008847838621658,-0.049426370428364,1.1701463833301,0.70088528545398,14.810109643235,445.11,450
08/11/2021,14.45,14.46,13.99,14.26,0.46,538,12609,15.23%,0.44802566235679,0.0088140301647624,-0.049070615937953,1.1663638318702,0.68727751596498,14.260083515806,443.78,450
08/10/2021,13.85,14.34,13.7,13.8,0.050000000000001,34,12609,15.21%,0.43822483019655,0.0087845330875427,-0.0486263844067,1.1635218716871,0.68343384196368,13.800059914581,442.68,450
08/09/2021,13.51,13.88,13.51,13.75,-0.07,44,12609,15.33%,0.43428727837737,0.0086817101052574,-0.048766765151178,1.164159542267,0.68597222864971,13.75007000324,442.13,450
08/06/2021,14,14.11,13.75,13.82,0.050000000000001,272,12609,15.14%,0.43674294540656,0.0087194745274161,-0.047653577228161,1.1763168001053,0.69708657779444,13.820066330303,442.49,450
08/05/2021,13.35,13.77,13.25,13.77,0.72,28,12609,15.33%,0.43178085038976,0.0085793886308249,-0.047988846910201,1.1754231417006,0.69255649162159,13.770059493403,441.76,450
08/04/2021,13.35,13.35,12.88,13.05,-0.75,708,12608,15.53%,0.40977426733871,0.0083952122599439,-0.047873677008164,1.1592821072397,0.66879954712107,12.885115015385,438.98,450
08/03/2021,12.9,13.8,12.2,13.8,1.13,224,12739,15.34%,0.42702912915626,0.0085191183015887,-0.047569181900914,1.1781831070337,0.69261035697821,13.61006483201,441.15,450
08/02/2021,13.71,13.71,12.6,12.67,-0.15,114,12715,15.75%,0.40064419052373,0.0082085675675734,-0.047955535546678,1.1558479929053,0.66003223508915,12.670062557737,437.59,450
07/30/2021,13.2,13.48,12.7,12.82,-1.25,253,12711,15.66%,0.40843724241725,0.0082068567192166,-0.047507005459175,1.173912685957,0.68464749321725,13.090113253186,438.51,450
07/29/2021,13.56,14.4,13.56,14.07,0.77,133,12711,15.30%,0.42359210956509,0.0084149326293673,-0.046573239848529,1.1918705166275,0.70638961382485,13.585072534417,440.65,450
07/28/2021,13.25,13.56,13.25,13.3,0.28,26,12713,15.53%,0.41034937172585,0.008237954371347,-0.046770363808839,1.1823938454599,0.69198771033285,13.145059935223,438.83,450
07/27/2021,13.4,13.75,12.72,13.02,-1.01,279,12682,15.31%,0.4104735645519,0.0083269439578241,-0.045977189968945,1.1863108993148,0.6969043553795,13.02011464182,439.01,450
07/26/2021,13.61,14.15,13.57,14.03,0.42,27,12682,15.60%,0.42951361799432,0.0081981538587926,-0.047261800072089,1.2062237236259,0.72660640029198,14.245104572022,441.02,450
07/23/2021,12.2,13.72,12.2,13.61,1.9,337,12825,15.34%,0.41920884702523,0.0082451281071612,-0.045679747061173,1.2072397889004,0.72159491111279,13.610068031933,439.94,450
07/22/2021,11,11.71,10.9,11.71,0.51,41,12822,15.22%,0.38124731678822,0.0081624651115961,-0.043851988381656,1.1698619844104,0.66828838143351,11.710083772847,435.46,450
07/21/2021,10.57,11.2,10.57,11.2,0.87,447,12923,15.04%,0.37219723709612,0.0081925876845417,-0.042801795348763,1.1619573826675,0.65702098398882,11.20010609464,434.55,450
07/20/2021,8.46,10.7,8.46,10.33,2.23,225,12835,15.35%,0.34765347968751,0.0078771866301046,-0.042402765233215,1.1291742121076,0.61674633933251,10.330059778081,431.06,450
07/19/2021,9.09,9.09,7.7,8.1,-2.1,168,12752,15.24%,0.29984686952609,0.0075437635511629,-0.039284462670736,1.0506167487164,0.533670581504,8.2950436760799,424.97,450
07/16/2021,11.5,11.5,10.2,10.2,-1.37,121,12752,14.99%,0.34739723437767,0.0079735050606164,-0.040910955769652,1.1417577173212,0.63061095207928,10.20006584426,431.34,450
07/15/2021,11.92,11.92,11.08,11.57,-0.54,116,12746,14.38%,0.38150208563468,0.0084704322265302,-0.040449136614571,1.1935034467389,0.68802063069029,11.320100141098,436.24,450
07/14/2021,12.54,12.65,11.89,12.11,0.34,39,12753,15.00%,0.38816556533303,0.0081357113728899,-0.042445588886224,1.2030991789478,0.70585793580473,12.110083096929,436.24,450
07/13/2021,12,12.55,11.77,11.77,-0.52,298,12504,14.89%,0.38205029054261,0.0081483143649613,-0.041769785159527,1.1988726338973,0.69857329698664,11.770064314116,435.59,450
07/12/2021,11.58,12.35,11.58,12.29,0.89,49,12547,14.82%,0.39374674351526,0.0082172107359991,-0.041798162251292,1.2160639617516,0.71884504784236,12.290084936523,437.08,450
07/09/2021,10.33,11.45,10.33,11.4,1.53,31,12547,14.48%,0.37823295906619,0.008276800518638,-0.039890405827188,1.2068907104364,0.70206566027409,11.400069683682,435.52,450
07/08/2021,9.86,10.42,9.33,9.87,-1.51,292,12671,14.55%,0.34164782009391,0.0080059220134856,-0.038456287207391,1.1570033724886,0.64477610575153,9.8700487200888,430.92,450
07/07/2021,10.65,11.39,10.23,11.38,1.09,66,12706,14.73%,0.37286732061758,0.0080787455300047,-0.040184420552304,1.2046690446607,0.69731842552064,11.380095257194,434.46,450
07/06/2021,10.2,10.29,9.55,10.29,-0.36,106,12709,14.25%,0.3548369148404,0.0082143849038974,-0.037952104030224,1.1844407123125,0.67771386085269,10.290092852347,432.93,450
07/02/2021,9.52,10.8,9.43,10.65,1.35,498,12822,14.05%,0.36034647770414,0.0082851992317577,-0.037169240130503,1.2040001414489,0.69340241672933,10.480082568308,433.72,450
07/01/2021,8.74,9.3,8.74,9.3,0.75,66,12837,13.98%,0.33253162249698,0.0081112589920369,-0.035690094216602,1.1636580760388,0.65143326051971,9.3000692986672,430.43,450
06/30/2021,8.4,8.57,8.06,8.55,0.38,62,12882,13.97%,0.31354429756114,0.0079468871916844,-0.034624017386433,1.1325757901938,0.61849433648694,8.55003306271,428.06,450
06/29/2021,8.06,8.25,8,8.17,0.37,166,12884,13.88%,0.30487173113014,0.007908972029944,-0.032952517178976,1.1183897115942,0.59126525631115,8.170075912558,427.7,450
06/28/2021,7.42,7.94,7.42,7.8,0.18,2181,13950,13.58%,0.29865447276359,0.0079913737513947,-0.031773462105768,1.1101836519551,0.58320299471208,7.8000208167302,427.47,450
06/25/2021,7.22,7.62,7.15,7.62,0.52,72,13950,13.30%,0.29317568419115,0.0080302992160531,-0.031352348360962,1.1087094716251,0.59435794881324,7.5150173448411,426.61,450
06/24/2021,6.93,7.11,6.86,7.1,0.54,79,13957,13.29%,0.28131323292593,0.0078867868771531,-0.030587016186018,1.0860348878864,0.57237760309192,7.0999999999449,425.1,450
06/23/2021,6.8,6.8,6.56,6.56,-0.24,11,13956,13.17%,0.2601997905829,0.0076824170148742,-0.029010121981771,1.041069961851,0.53204395237631,6.3250549531994,422.6,450
06/22/2021,6.34,7.01,6.34,6.8,0.23,128,13994,13.36%,0.26800664266802,0.007659953759198,-0.029836443406465,1.0605554762028,0.54983901446685,6.6900508489739,423.11,450
06/21/2021,5.74,6.57,5.74,6.57,1.14,65,13933,13.88%,0.26044200907212,0.0072868189541315,-0.030426366962008,1.0420791878733,0.53358985163676,6.6600644657231,420.86,450
06/18/2021,6,6.13,5.42,5.43,-1.17,140,13933,13.98%,0.22259984931127,0.0066861370050121,-0.027809440361002,0.95019190991567,0.45929670777767,5.4300521543254,414.92,450
06/17/2021,6.75,6.75,6.21,6.6,-0.58,34,13926,13.42%,0.2627238611622,0.0074809518307475,-0.0292560735295,1.0592519156715,0.55029298540177,6.6000930793677,421.97,450
06/16/2021,7.35,7.35,6.6,7.18,-0.43,23,12373,13.65%,0.2683236363421,0.0074129331693299,-0.030042266366354,1.0734145397591,0.56348229922065,6.9151072418054,422.11,450
06/15/2021,7.79,7.79,7.44,7.61,-0.19,2062,11907,13.66%,0.28668177975907,0.00759534145555,-0.031025520703806,1.1172241891742,0.60492414384328,7.6100365599018,424.48,450
06/14/2021,7.2,7.8,7.2,7.8,0.62,22,11904,13.61%,0.29198450669687,0.007660784993508,-0.031070674274944,1.1314558094072,0.61943272688936,7.8000627896615,425.26,450
06/11/2021,7.56,7.56,7.13,7.18,-0.37,19,11901,13.41%,0.28261671126534,0.007620873828124,-0.029859680530197,1.1192021242473,0.60786758271369,7.3950526672932,424.31,450
06/10/2021,7.99,8.1,7.55,7.55,-0.26,55,11889,13.70%,0.28254595869172,0.0074513391652599,-0.030434469389719,1.1196659388593,0.60856307015911,7.5500535230886,423.61,450
06/09/2021,7.9,7.95,7.81,7.81,0.3,36,11877,14.22%,0.27737723506814,0.0071284389564067,-0.031263561712752,1.1070319446193,0.59650196304606,7.6149999999692,421.65,450
06/08/2021,7.82,7.82,7.41,7.51,0.04,33,11871,14.08%,0.27991250469649,0.0072079382949691,-0.030997683248622,1.11603092742,0.60550321190345,7.6599999999556,422.28,450
06/07/2021,7.5,7.62,7.45,7.47,-0.43,34,11850,14.06%,0.27937056736165,0.0071964057080099,-0.030843454161413,1.1171856860686,0.60690776881867,7.6449999999636,422.19,450
06/04/2021,7.6,7.9,7.56,7.9,0.62,68,11850,14.00%,0.28232971835733,0.0072119278132263,-0.030601047819521,1.1312452277876,0.62156195168583,7.7749999999328,422.6,450
06/03/2021,6.6,7.28,6.56,7.28,0.11,30,11849,14.27%,0.26050059175698,0.0068420262658113,-0.029845010431657,1.0795320263742,0.57344343884491,7.0699999997076,418.77,450
06/02/2021,7.5,7.57,7.12,7.17,-0.08,140,11943,14.18%,0.27001623108814,0.0069715391557444,-0.030134806335422,1.1057147188738,0.59811405750398,7.4100842780771,420.33,450
06/01/2021,7.99,7.99,7.1,7.25,0.14,11,11948,14.17%,0.2655821736255,0.0069129721449891,-0.029752573526653,1.0971824490148,0.59041195132892,7.2500709591751,419.67,450
05/28/2021,7.63,7.63,7.11,7.11,-0.069999999999999,19,11948,13.84%,0.2643658858737,0.0069960008359821,-0.028702138558838,1.104798731839,0.59824065656855,7.1100814693736,420.04,450
05/27/2021,7.82,7.82,7.18,7.18,-0.35,70,11955,14.27%,0.26692839376818,0.0068148579064817,-0.029701166315762,1.1105829986649,0.60469171092592,7.4150703160333,419.29,450
05/26/2021,7.75,7.75,7.43,7.53,-0.17,47,11971,14.40%,0.26802323979887,0.0067566724297605,-0.029970877590102,1.1145902926908,0.60881377417221,7.530066598278,419.07,450
05/25/2021,8.3,8.3,7.68,7.7,-0.3,62,11985,14.73%,0.26820731765319,0.0066061765502324,-0.03058975322117,1.1150631909957,0.60955666173849,7.7000113670698,418.24,450
05/24/2021,7.69,8.35,7.69,8,0.61,845,11831,14.76%,0.27491193986442,0.006649045325394,-0.030932049704698,1.1335306448047,0.62690681801314,8.0000237296005,419.17,450
05/21/2021,8.25,8.43,7.35,7.39,-0.55,38,11831,15.13%,0.25503453917764,0.0062650451619069,-0.030237190216209,1.0869825887417,0.58496052268708,7.3900592043964,414.94,450
05/20/2021,6.97,7.94,6.97,7.94,1.45,53,11840,15.27%,0.2596433978205,0.0062495633817424,-0.030723866930178,1.1001941042972,0.5974035654314,7.6500519845964,415.28,450
05/19/2021,6.19,6.5,6,6.49,-0.62,126,11856,15.36%,0.23472495108984,0.0059343251525172,-0.029076907977913,1.03360515456,0.53928534290056,6.6899999999528,410.86,450
05/18/2021,7.45,7.45,7.11,7.11,-0.18,187,11959,15.27%,0.2404288796387,0.0060197958340536,-0.029300423819309,1.052148685981,0.55549592514748,6.8949999999354,411.94,450
05/17/2021,7.3,7.41,7.24,7.29,-0.36,162,11984,14.95%,0.25742056963467,0.0063102649499409,-0.029746455775386,1.1026079184166,0.60076250744482,7.4650420620845,415.52,450
05/14/2021,7.3,7.79,7.3,7.65,0.9,224,11979,14.80%,0.26254196632174,0.0063852421289429,-0.029506034600163,1.1232563456192,0.62118007064053,7.6500051553237,416.58,450
05/13/2021,6.6,7.06,6.6,6.75,0.34,33,11979,15.39%,0.23424111413368,0.0058543467914173,-0.028652034690612,1.043285577459,0.55004883492416,6.7499999999544,410.28,450
05/12/2021,7.32,7.32,6.41,6.41,-1.14,598,11779,16.09%,0.21937426743404,0.0054445186613945,-0.028744593256449,0.99577455970013,0.51326744943125,6.4100843266859,405.41,450
05/11/2021,7.52,7.7,6.84,7.55,-1.18,294,11999,15.29%,0.25756867317755,0.0061190435781055,-0.030047128924254,1.1125580471409,0.61220498415171,7.6900825500752,414.21,450
05/10/2021,9.48,9.5,8.67,8.73,-0.97,16,11983,15.08%,0.27807997110779,0.006381046878147,-0.030861121694502,1.1687679941003,0.66612824300982,8.4850272584869,417.94,450
05/07/2021,9.5,9.94,9.5,9.7,1.2,118,12004,15.00%,0.30505258576018,0.0065948138321009,-0.031946386261269,1.2391228605167,0.73960908442139,9.7000743164927,422.12,450
05/06/2021,7.75,8.5,7.6,8.5,0.55,84,12008,15.05%,0.2860695356786,0.0064120601232681,-0.030932142838396,1.1970335554621,0.69633785249046,8.8850394043088,419.07,450
05/05/2021,8.26,8.31,7.95,7.95,-0.13,322,12252,15.01%,0.2647267377573,0.0062256751869288,-0.029509545681981,1.1455798795769,0.6457256018777,7.9500570092723,415.75,450
05/04/2021,8.28,8.28,7.45,8.08,-0.71,97,12234,15.12%,0.26629299804975,0.0061880484094591,-0.029787475236638,1.1508485471507,0.65116719571989,8.080049482435,415.62,450
05/03/2021,9.07,9.29,8.79,8.79,0.24,425,11897,14.94%,0.27981992165936,0.0063695705919809,-0.030130967617931,1.1888043989633,0.68864154201265,8.5950322719804,418.2,450
04/30/2021,8.86,8.94,8.55,8.55,-0.95,48,11897,15.23%,0.28010183772854,0.006229487935454,-0.030585200511527,1.1935492167266,0.69440594363535,8.7900707183255,417.3,450
04/29/2021,9.43,9.57,8.71,9.5,1.08,106,11918,14.97%,0.29393681919461,0.0064293808636258,-0.030737451244342,1.2310708207043,0.73229479258252,9.3000560068193,420.06,450
04/28/2021,8.71,9,8.42,8.42,-0.31,26,11923,14.85%,0.27525945590475,0.0063096956923616,-0.029369430644083,1.1881440848285,0.68954210585837,8.4200249153379,417.4,450
04/27/2021,8.94,8.94,8.7,8.73,-0.22,50,11927,14.98%,0.27855707371423,0.00627525506196,-0.029769099990041,1.197604871897,0.69953947412493,8.6450296866497,417.52,450
04/26/2021,8.98,9.1,8.83,8.95,-0.1,362,11679,15.08%,0.28078965588002,0.0062478129004052,-0.02999581745165,1.2047001230053,0.70716894621607,8.8050310700784,417.61,450
04/23/2021,8.2,9.05,8.2,9.05,1.45,64,11696,14.96%,0.27446037675279,0.0062034129515602,-0.029182155745422,1.1954171526795,0.69858607076867,8.510023703363,416.74,450
04/22/2021,8.22,8.53,7.5,7.6,-0.58,168,11637,15.16%,0.25114190529612,0.0059014959583049,-0.028098964569122,1.1325010666019,0.63820032336626,7.6000686559269,412.27,450
04/21/2021,7.68,8.29,7.68,8.18,0.63,337,11533,14.79%,0.26819910960605,0.006191684604193,-0.028350651866757,1.1842068940042,0.68792796259487,8.1800121369469,416.07,450
04/20/2021,7.91,7.91,7.44,7.55,-0.8,33,11536,15.09%,0.25011605907415,0.0058965852683438,-0.027776578779507,1.133871299324,0.64028673762984,7.5500903025364,412.17,450
04/19/2021,8.5,8.5,8.3,8.35,-0.73,19,11466,15.07%,0.26855106130865,0.0060712363204512,-0.028841953555438,1.1868586206201,0.69123057166998,8.3500612991014,415.21,450
04/16/2021,8.99,9.2,8.8,9.08,0.48,986,11466,15.01%,0.28099902126205,0.0061701586425633,-0.029218372961072,1.2259969946047,0.73258231569895,8.9200331033672,417.26,450
04/15/2021,8.09,8.63,8.04,8.6,1.18,134,11467,15.04%,0.27322434950528,0.0060805556213551,-0.028765114907207,1.2074482635259,0.71354561126391,8.600078095382,415.87,450
04/14/2021,8.08,8.27,7.42,7.42,-0.43,183,11522,15.10%,0.24836230253361,0.0058166540973478,-0.027326009513995,1.1397484209955,0.64823546601644,7.550061360957,411.45,450
04/13/2021,7.65,8.02,7.54,7.85,0.2,88,11519,15.04%,0.25571777450259,0.0059028398997663,-0.02758582405857,1.1633536540283,0.67111337376247,7.8500842086666,412.86,450
04/12/2021,7.54,7.79,7.41,7.65,0.1,47,11522,15.11%,0.25005351399151,0.0058111472672408,-0.027291792496302,1.1483980071834,0.65716846423906,7.6500766979332,411.64,450
04/09/2021,6.72,7.55,6.72,7.55,0.77,101,11556,14.86%,0.24605596020915,0.0058287543420144,-0.026417727635418,1.1441175074452,0.65439235175102,7.410066645779,411.49,450
04/08/2021,6.3,6.78,6.1,6.78,0.83,203,11655,14.92%,0.23013406528553,0.0056296923786528,-0.02539726398997,1.0970173479674,0.61184960253868,6.7800670462089,408.52,450
04/07/2021,6.04,6.24,5.94,5.95,-0.05,282,11661,14.70%,0.21584851343566,0.00552484835399,-0.024003141133734,1.0546668361333,0.57554275834093,6.1400669748055,406.59,450
04/06/2021,6,6.44,6,6,-0.2,127,11645,14.73%,0.21420115094912,0.0054856689035202,-0.023886630385156,1.0505888444078,0.57253672625102,6.0950628543901,406.12,450
04/05/2021,5.41,6.2,5.35,6.2,1.4,250,11689,14.77%,0.21628646365315,0.005489319447353,-0.024005928091179,1.0588658260096,0.58001849523315,6.200065963066,406.36,450
04/01/2021,4.51,4.8,4.5,4.8,0.44,68,11709,14.43%,0.18089328948395,0.0050817987207253,-0.020686262097751,0.94379649232338,0.48937483052569,4.8000583328059,400.61,450
03/31/2021,4.43,4.43,4.36,4.36,0.43,12,11711,14.45%,0.1605722093578,0.0047394889497373,-0.019036369989534,0.8669377655214,0.43509468417025,4.1100812795938,396.33,450
03/30/2021,4.22,4.22,3.92,3.93,-0.66,25,11695,14.70%,0.15329052148402,0.0045349384279515,-0.018208002770621,0.83812332529799,0.41377269188736,3.9300455773965,394.73,450
03/29/2021,4.3,4.63,4.21,4.59,0.36,9,11694,15.24%,0.16843082011659,0.0046297066632043,-0.020106936356796,0.89497358480099,0.45456404618172,4.5899999997662,395.78,450
03/26/2021,3.93,4.23,3.9,4.23,0.61,78,11629,14.95%,0.16981144559992,0.0047156543770732,-0.020205566305941,0.90546715208116,0.46506692952253,4.5799999998547,395.98,450
03/25/2021,3.53,3.65,3.36,3.62,-0.28,62,11634,15.28%,0.14782159007215,0.0042699358800679,-0.018646225986596,0.81534105731098,0.4031778660929,3.8850630770147,389.7,450
03/24/2021,4.3,4.33,3.9,3.9,-0.28,67,11625,15.67%,0.14595506152432,0.0041454351384065,-0.01888495705245,0.80525333918184,0.39665155238122,3.8999999997302,387.52,450
03/23/2021,4.6,4.74,4.05,4.18,-0.53,797,11746,15.48%,0.15167616221541,0.0042755628694134,-0.019189275151888,0.83175943691323,0.41536003934084,4.0700784859236,389.5,450
03/22/2021,5,5.1,4.71,4.71,-0.34,16,11748,15.64%,0.16812755157046,0.0044856025042512,-0.020771289318227,0.89787995094447,0.461308704273,4.7100722804216,392.59,450
03/19/2021,5.1,5.1,4.71,5.05,-0.15,21,11748,16.29%,0.16660435591719,0.004291742771993,-0.021283771852025,0.89001691869709,0.45871871989789,4.8249999995468,389.48,450
03/18/2021,5.99,5.99,5.2,5.2,-0.99,12,11752,16.28%,0.17606790125185,0.0044186109870732,-0.022127170847988,0.92818125944131,0.48765383366955,5.20008735,391.48,450
03/17/2021,5.94,6.19,5.8,6.19,-0.26,9,11747,16.16%,0.20098876778058,0.0047583049421228,-0.023996415966159,1.022965544456,0.55854883237079,6.190085223537,397.26,450
03/16/2021,6.56,6.65,6.45,6.45,0.09,16,11752,16.65%,0.20340060929602,0.0046589681540685,-0.024860048477114,1.0284284660148,0.56345047450002,6.4500552861162,395.91,450
03/15/2021,6.28,6.4,6.09,6.36,-0.02,49,11762,16.45%,0.20255604108278,0.0046919759214647,-0.02443283204423,1.0287920120212,0.56422371833934,6.3600515587592,396.41,450
03/12/2021,6.14,6.38,6.1,6.38,0.11,26,11762,16.87%,0.19954633117098,0.0045388453295008,-0.024600286787811,1.0183791897237,0.55699862535619,6.3800716010588,394.06,450
03/11/2021,5.89,6.54,5.89,6.27,0.87,148,11808,16.68%,0.19440271084948,0.0045168574597326,-0.023866389909514,1.0026678581092,0.54473637149203,6.1100838752145,393.53,450
03/10/2021,5.25,5.46,5.25,5.4,0.34,54,11789,16.68%,0.1772340402402,0.0046779680864585,-0.022339946228586,0.93924263150358,0.49964453419093,5.4000507678456,389.58,450
03/09/2021,4.78,5.42,4.78,5.06,0.56,61,11789,16.76%,0.16827679429881,0.0041578219095334,-0.021544414434819,0.90457146536231,0.47382150447639,5.0600466482354,387.17,450
03/08/2021,4.74,5,4.5,4.5,-0.5,43,11804,17.08%,0.15238679294889,0.0038705037681783,-0.020398449737347,0.83733963316878,0.42541321056331,4.5000434632268,381.72,450
03/05/2021,4.1,5,3.68,5,1.05,93,11775,17.25%,0.16346087260061,0.0039734836278722,-0.021495645356642,0.88511554935493,0.46111002197488,5.0000843350351,383.63,450
03/04/2021,4.35,4.54,3.59,3.95,-0.75,69,11811,17.21%,0.13705712267332,0.0036020495775267,-0.018815155831791,0.77427122350346,0.38348926675472,3.9500763253647,376.7,450
03/03/2021,4.97,5.05,4.62,4.7,-0.65,47,11812,17.25%,0.15586965211965,0.0038630430610699,-0.020720997324669,0.85584698748378,0.44063325765897,4.7000729871439,381.42,450
03/02/2021,5.5,5.58,5.35,5.35,-0.43,29,11822,17.00%,0.17288759054344,0.004130449078942,-0.022014093429972,0.9288607784792,0.4951643643685,5.3500511857175,386.54,450
02/26/2021,5.3,5.3,4.5,4.6,-0.84,406,11823,17.24%,0.15287581067341,0.0038033204100886,-0.020232114665611,0.84773174881429,0.43646310906216,4.6000428955307,380.36,450
02/25/2021,6.3,6.3,5.21,5.44,-0.92,77,11805,17.79%,0.17008743351256,0.0039244879164053,-0.022498922702809,0.91479565741894,0.4861445328963,5.4400588410921,382.33,450
02/24/2021,5.4,6.55,5.4,6.36,0.36,94,11786,17.15%,0.19913950376184,0.0043815395683767,-0.024201858033861,1.0347601749928,0.57723868671644,6.5650578831013,391.77,450
02/23/2021,5.59,6,5,6,-0.16,336,11523,17.11%,0.1787634686541,0.0041411480344624,-0.022090729755092,0.96031439611118,0.51840527293123,5.675091315517,387.5,450
02/22/2021,5.9,6.16,5.86,6.16,-0.35,77,11512,17.36%,0.18106441861441,0.0041136718997567,-0.022531822197761,0.96828994525466,0.52505272574166,5.8450781106913,387.03,450
02/19/2021,6.95,6.95,6.51,6.51,-0.27,23,11512,17.10%,0.19093562200284,0.0042629130201845,-0.022960616290506,1.0128346375814,0.56203145330317,6.2350570792333,390.03,450
02/17/2021,6.98,7.18,6.93,7.18,0.11,33,9991,17.47%,0.2078477684247,0.0043530728051729,-0.024727303641514,1.0753204033721,0.61528930942837,7.1400953127034,392.39,450
02/16/2021,7.01,7.43,7.01,7.07,-0.029999999999999,2043,9517,17.56%,0.2089891974312,0.0043440128673068,-0.024948057637833,1.0785321578665,0.6180561452999,7.2250963518297,392.3,450
02/12/2021,6.65,7.1,6.49,7.1,0.45,52,9514,17.26%,0.20725583069769,0.0043621202629773,-0.024164097700006,1.0820459117999,0.62336493469317,7.0901031042642,392.64,450
02/11/2021,6.97,7.09,6.56,6.65,-0.04,121,9564,17.28%,0.19918341151564,0.0042769282218746,-0.023554139209073,1.0515916494569,0.5973157798748,6.7150539601199,390.71,450
02/10/2021,6.77,7,6.56,6.69,0.18,35,9564,17.37%,0.19867944177994,0.0042413706369713,-0.0235455150814,1.0513148651229,0.597976275681,6.7350970638849,390.08,450
02/09/2021,6.4,6.62,6.4,6.51,0.06,45,9562,17.18%,0.19661507437758,0.0042542133255474,-0.023090605584721,1.0466880326097,0.59453962730771,6.5900846273165,390.25,450
02/08/2021,6.12,6.45,6.12,6.45,0.45,206,9496,17.00%,0.19497569578416,0.0042689073787742,-0.022674313287931,1.0435970623466,0.59239151459778,6.470072974819,390.51,450
02/04/2021,5.06,5.45,5.02,5.4,0.3,261,9555,16.91%,0.17664383186292,0.0040590327496124,-0.020906411443919,0.9764610063109,0.53941632627286,5.6550821829848,386.19,450
02/02/2021,5,5.65,5,5.3,0.58,58,8990,17.26%,0.164483848561,0.0038382672784295,-0.020224333148126,0.92306715437906,0.49835568760592,5.2200890055782,381.55,450
01/29/2021,4.5,4.75,4.11,4.4,-0.83,126,8949,18.95%,0.15045746750775,0.0033703814508607,-0.020337405021379,0.85066252893585,0.45027216063634,4.9850351910277,370.07,450
01/28/2021,4.82,5.66,4.79,5.23,0.48,112,8956,17.54%,0.15603463323452,0.0036538373642782,-0.019510941476022,0.8902988156514,0.47806592723409,4.9550187514978,377.63,450
01/27/2021,4.5,5,4.42,4.75,-0.5,45,8927,18.16%,0.15461702268908,0.0035314091469184,-0.019962144770433,0.87860133102117,0.46975332719986,5.0250375739797,374.41,450
01/26/2021,5.16,5.25,4.9,5.25,0.17,39,8932,16.71%,0.1669828699117,0.0039363117779943,-0.019574236468207,0.94807181565717,0.52101993657732,5.2450895938934,383.79,450
01/22/2021,4.63,4.8,4.63,4.7,-0.06,254,9014,16.13%,0.15494509756711,0.0038712887980417,-0.017827766180296,0.90583699472656,0.49036191254181,4.6400507611549,382.88,450
01/19/2021,3.95,3.95,3.7,3.88,0.22,447,9433,15.86%,0.13508244072398,0.0036132716652945,-0.015757773333791,0.82048943252525,0.43077043729856,3.8350615691968,378.65,450
01/12/2021,3.93,4.14,3.92,4.13,0.0099999999999998,552,9769,15.97%,0.13973511336434,0.0036361694344634,-0.016075788324324,0.84778729002502,0.45314081678879,4.0599999996731,378.77,450
01/08/2021,3.99,4.19,3.66,4.19,0.44,6740,13140,15.57%,0.14322545553945,0.0037510382838957,-0.015881266352385,0.87212997695872,0.47081206626665,4.1300658842737,381.26,450
12/31/2020,3.09,3.35,3,3.31,-0.02,1267,15639,15.60%,0.11961368628945,0.0033323384333936,-0.013679870513338,0.76343198495652,0.3976195050992,3.295061083567,373.88,450
12/30/2020,3.3,3.33,3.12,3.33,0.13,33,15625,15.74%,0.11599657248947,0.003243657766989,-0.013447267581432,0.74438645110634,0.38640289125776,3.1900274389378,371.99,450
12/29/2020,3.2,3.2,3.2,3.2,0.05,18,15628,15.92%,0.1175074554324,0.0032358974074327,-0.013691632457854,0.75111213561919,0.39135967499039,3.2750424202873,371.46,450
12/28/2020,3.16,3.16,3.06,3.15,0.35,51,15620,15.66%,0.11577288941895,0.0032473088089583,-0.013316286812295,0.74547477986433,0.3862895116709,3.1750573878938,372.17,450
12/24/2020,2.83,2.86,2.8,2.8,-0.08,6,15621,15.92%,0.11083447600424,0.0031052594226797,-0.012954794618947,0.72032704104611,0.37197795075272,3.0500406711094,369,450
12/23/2020,2.99,3,2.88,2.88,-0.04,59,15639,15.80%,0.1046506749048,0.003009450572966,-0.012271144495881,0.68939894886943,0.35155356601122,2.8200429725011,367.57,450
12/17/2020,3.45,3.46,3.3,3.34,0.2,1214,16666,15.57%,0.12075638256204,0.0033145160224717,-0.013673097903111,0.77949057420681,0.41521322197763,3.3700567919301,372.24,450
12/15/2020,3.06,3.3,3.06,3.15,0.12,18,16662,15.72%,0.1150178588989,0.0031876072580394,-0.013222676095529,0.74963161534684,0.39494176719125,3.1900234092205,369.59,450
12/09/2020,3.42,3.42,3.06,3.1,-0.42,64,16598,15.94%,0.11174915728228,0.0030795155566211,-0.012958435683315,0.73432302839094,0.3863255916503,3.1200416689875,366.85,450
12/08/2020,3.38,3.55,3.17,3.52,0.19,738,16591,15.74%,0.11931281620831,0.0032344562374235,-0.013475128979942,0.77714317832353,0.41667112073984,3.3700309213463,370.17,450
12/07/2020,3.5,3.5,3.33,3.33,-0.02,1789,16833,15.90%,0.11882553911523,0.0031971875746107,-0.013530225395165,0.77357294779591,0.41447281986517,3.3800374862592,369.09,450
12/03/2020,3.27,3.27,3.23,3.23,-0.07,2,16870,15.98%,0.11370242829426,0.0030871995266223,-0.013042965838634,0.74851753807422,0.39816217412003,3.2150484626311,366.69,450
12/02/2020,3.15,3.3,3.15,3.3,0,406,16865,16.10%,0.11639955345404,0.0031108137773358,-0.013359166908919,0.76218666268661,0.40810779517402,3.3350409972786,366.79,450
12/01/2020,3.1,3.33,3.1,3.3,0.55,104,16965,16.12%,0.1146527968722,0.0030769675991312,-0.013198980133732,0.75337251912439,0.40223791514249,3.2749999994096,366.02,450
11/30/2020,2.95,2.95,2.75,2.75,-0.1,126,16846,16.08%,0.10221358876428,0.0028672760411207,-0.011988850877223,0.68704980916691,0.357095036369,2.8199999948174,362.06,450
11/27/2020,3.13,3.13,2.85,2.85,0,0,16846,16.11%,0.1082791455912,0.0029600869294829,-0.012516599928123,0.72199057003036,0.3816941080577,3.0500507224498,363.67,450
11/25/2020,3.13,3.13,2.85,2.85,-0.2,11,16844,16.15%,0.1063661643058,0.0029170584636023,-0.012322016649157,0.71248428542888,0.37578089438141,2.9900436363305,362.66,450
11/23/2020,2.81,2.81,2.5,2.63,-0.07,108,16687,16.44%,0.09651878363346,0.0027015134712675,-0.011516146326268,0.6559048475247,0.33835214789946,2.6750596371333,357.46,450
11/20/2020,2.88,2.89,2.67,2.7,-0.2,195,16687,16.69%,0.09530552301615,0.002643059837963,-0.011485927294988,0.64825228472835,0.33453251179306,2.6650335670622,355.33,450
11/18/2020,3.21,3.29,2.81,2.95,-0.35,313,16701,16.77%,0.09973715253648,0.0027052380722826,-0.011933920014428,0.67349754955507,0.35153760817459,2.8400530479313,356.28,450
11/16/2020,3.35,3.59,3.3,3.59,0.47,2090,14691,16.71%,0.11759736068058,0.0029977916465875,-0.01354965058851,0.7732182385085,0.42132149667233,3.5150625800597,362.57,450
11/10/2020,2.65,2.75,2.5,2.7,-0.2,2216,16775,16.65%,0.093986649810287,0.0026006253893139,-0.011163912675246,0.64668772305192,0.33630876324538,2.6350387649997,354.04,450
11/05/2020,2.7,2.95,2.7,2.74,0.39,108,19416,17.53%,0.098299620740321,0.0025651266095209,-0.011976622641362,0.66485727454693,0.34987054912487,2.8999999991664,350.24,450
11/02/2020,1.7,1.79,1.65,1.65,0.1,13,19429,18.32%,0.06426713507156,0.0018800847638044,-0.0085958683753986,0.45643295203544,0.22058242561578,1.7349999995075,330.2,450
10/30/2020,1.6,1.6,1.41,1.55,-0.12,70,19441,18.54%,0.060584313070888,0.0017880766155056,-0.008194713135119,0.43253284716357,0.2070803106256,1.6250029404863,326.54,450
10/29/2020,1.72,1.72,1.67,1.67,-0.03,7,19435,18.28%,0.06418287602308,0.0018749806081995,-0.0085142203041055,0.45769159575007,0.22209568500964,1.7349999995038,329.98,450
10/23/2020,2.4,2.4,2.31,2.35,0.03,6,19410,17.19%,0.085355923916239,0.0023528071268666,-0.010276474118419,0.59987326357629,0.31024151825321,2.4100344326094,345.78,450
10/22/2020,2.43,2.68,2.25,2.32,-0.26,36,19392,17.38%,0.085653725000843,0.0023373832544924,-0.010387500993184,0.60004513657716,0.31060726556598,2.4399999984536,344.61,450
10/21/2020,2.79,2.79,2.48,2.58,-0.05,22,19394,17.67%,0.085456774501714,0.0023050395607416,-0.010483545528115,0.59637953070367,0.30846114163784,2.4599999999647,342.73,450
10/20/2020,2.72,2.82,2.63,2.63,-0.03,4,19394,17.96%,0.091219138938595,0.0023739566314984,-0.011193715099394,0.62789803109476,0.32948194898903,2.705035114792,343.38,450
10/19/2020,2.98,2.98,2.52,2.66,-0.42,55,19393,17.99%,0.088606898442346,0.0023259591902326,-0.010921844208898,0.61271718805828,0.31967913109827,2.6100284594195,342.01,450
10/15/2020,2.67,2.97,2.67,2.97,0.07,11,19382,17.59%,0.097238470988101,0.002498449887351,-0.011521047962689,0.66961926417892,0.35863319932291,2.9099999993993,347.5,450
10/13/2020,3.26,3.32,3.22,3.32,-0.38,36,19338,17.58%,0.1046244864758,0.00261043778621,-0.0122059443327,0.71312204411134,0.38946228127971,3.2050380565657,350.13,450
10/12/2020,3.17,3.76,3.17,3.7,0.67,570,18961,17.72%,0.11346958403106,0.002724255068264,-0.013120669266839,0.76161562018854,0.42436062244929,3.585049363621,352.43,450
10/09/2020,3.15,3.15,2.98,3.03,-0.14,81,19017,17.99%,0.10313635982761,0.0025381687674598,-0.012219075002417,0.70210151658839,0.38289258874613,3.1999999998353,346.85,450
10/08/2020,3.1,3.25,3.08,3.17,0.24,33,19005,18.28%,0.099568970109709,0.0024533681145676,-0.011985537834351,0.67900502017583,0.36705701427049,3.0900311924079,343.78,450
10/07/2020,2.8,2.93,2.8,2.93,0.31,3,19006,18.55%,0.096112540510518,0.002373969885741,-0.01174823461161,0.65657576082398,0.35231204297526,2.9800244134371,340.76,450
10/06/2020,2.95,2.98,2.22,2.62,-0.33,25,18999,18.89%,0.087381687593714,0.0022065777858013,-0.01097518736816,0.60219290976784,0.31755148642367,2.6650280718482,334.93,450
10/02/2020,2.87,2.87,2.65,2.65,-0.3,40,14049,19.06%,0.087990125358796,0.0021966650901807,-0.011039242327981,0.60573858458601,0.31933896338376,2.710049548057,333.84,450
09/29/2020,2.39,2.39,2.39,2.39,-0.02,1,14056,18.70%,0.080768316821757,0.00210129685304,-0.010072482366606,0.56749153367424,0.29638021392664,2.4049999998499,332.37,450
09/25/2020,1.9,2.2,1.87,2.2,0.25,95,14025,18.62%,0.07307017576263,0.0019689564377911,-0.009157760411383,0.52233928690893,0.2681905720651,2.1149999999435,328.73,450
09/24/2020,1.85,1.95,1.81,1.95,0.05,27,13990,18.89%,0.066302431312065,0.0018279864910221,-0.0084866831661053,0.47754609304052,0.24085683587397,1.8850312747821,323.5,450
09/23/2020,1.78,1.9,1.78,1.9,-0.3,19,13998,18.85%,0.064530060015704,0.0017965403109395,-0.0082673831009764,0.46686642141333,0.23448662275985,1.8200264440013,322.64,450
09/22/2020,2.2,2.2,2.2,2.2,0.3,20,14018,18.57%,0.076266580900499,0.0020239950368581,-0.0094408710109152,0.54390255393906,0.28265573211635,2.2349999999486,330.3,450
09/21/2020,2,2.06,1.86,1.9,-0.4,43,14022,18.76%,0.072022613417083,0.0019358489462859,-0.0090353351413724,0.5159333289673,0.26496336850516,2.0900152717052,326.97,450
09/17/2020,2.4,2.5,2.37,2.5,-0.39,5,14005,18.29%,0.085383349705455,0.0021905288097587,-0.010192041579236,0.60505167741745,0.3226136309394,2.5700319911044,335.84,450
09/16/2020,2.89,2.89,2.89,2.89,0.07,1,14005,18.03%,0.08876714653003,0.0022665037299583,-0.010403200267639,0.62897996279552,0.33864979033978,2.6799999996686,338.82,450
09/14/2020,2.65,2.85,2.65,2.7,0.15,19,13783,18.15%,0.090293930676319,0.0022766947916054,-0.010589133915853,0.63761637306998,0.34545912778025,2.7550381845102,338.46,450
09/10/2020,2.95,3.02,2.55,2.68,-0.4,242,13550,18.64%,0.087414742136436,0.0021851659789498,-0.010449980490462,0.61646804269907,0.33204868087703,2.6899999997564,333.89,450
09/09/2020,2.46,3.14,2.46,3.08,0.85,28,13533,18.13%,0.094255027234403,0.0023322737073519,-0.010890960915987,0.66401519254764,0.3646289555689,2.920026455574,339.79,450
09/08/2020,2.58,2.6,2.19,2.23,-0.79,122,13458,18.03%,0.078386331963057,0.0020807540288541,-0.0092688073186054,0.56800691959313,0.30014360474044,2.2949999981123,333.21,450
09/04/2020,3.01,3.1,2.5,3.02,-0.43,333,13618,17.78%,0.09699105453472,0.0023973539757284,-0.010906604353262,0.68706320702719,0.38221480672759,3.0049999997858,342.57,450
09/03/2020,4.05,4.05,3.07,3.45,-0.96,223,13588,18.03%,0.1078455284386,0.0025306294872482,-0.012013790516902,0.74885167960443,0.42703158331658,3.4849999996763,345.39,450
08/28/2020,2.75,2.94,2.62,2.72,0,335,4595,16.14%,0.093948964256647,0.0025040517878257,-0.0097459818694591,0.69165158275072,0.38729556343468,2.7250403596566,350.58,450
08/26/2020,2.27,2.7,2.18,2.7,0.56,121,4641,16.35%,0.089931953920946,0.0024100049257564,-0.00946784882465,0.6651945913389,0.36907459486738,2.6000625232189,347.57,450
08/24/2020,2.1,2.28,2,2.19,0.16,101,4626,16.16%,0.076778754326542,0.002190159168237,-0.0082035372942005,0.58399546992928,0.31389201269962,2.1100312081618,342.92,450
08/21/2020,2.06,2.1,1.98,2.03,0.05,39,4625,16.40%,0.073225063050302,0.002094933650932,-0.0079350855264209,0.55927160611385,0.29841274656456,2.0100528466223,339.48,450
08/20/2020,1.87,1.98,1.86,1.98,-0.02,14,4625,16.53%,0.07248573681398,0.0020683636353361,-0.0078965823363156,0.55351168830862,0.29481243622268,1.9950300346372,338.28,450
08/18/2020,2.07,2.1,2.04,2.1,-0.04,294,4626,16.62%,0.075054487176762,0.0023959254416679,-0.0081528700975189,0.57009332907772,0.30593463757205,2.0950425523354,338.64,450
08/17/2020,2.2,2.2,2.07,2.14,-0.0099999999999998,63,4601,16.65%,0.073978855824692,0.0020821533348228,-0.0080495621894827,0.56318043510417,0.30188286653371,2.0600307394592,337.91,450
08/13/2020,2,2.2,2,2.1,0.19,110,4608,16.76%,0.074030982944518,0.0020683224612631,-0.0080542813351449,0.56380078360282,0.30317840655452,2.074999999838,336.83,450
08/12/2020,1.9,1.96,1.89,1.91,0.11,33,4607,16.40%,0.070605547946987,0.0020319020454424,-0.0075975626158369,0.54524996532971,0.2910755227873,1.9300490366377,337.44,450
08/10/2020,1.91,2,1.91,1.95,0.15,24,4592,16.55%,0.069089843221108,0.0019879143248251,-0.0074867054533508,0.53425588733425,0.28424951121935,1.8900461574581,335.57,450
08/07/2020,1.81,1.92,1.8,1.8,-0.08,111,4566,16.65%,0.069079173056168,0.0019755228325682,-0.0074941163212435,0.53408674270869,0.28475963848822,1.9000334013807,334.57,450
08/04/2020,1.45,1.45,1.45,1.45,0,10,4564,16.53%,0.059361331787099,0.0017878410371227,-0.0065118758065558,0.46970304985038,0.24379790974915,1.5649999976405,330.06,450
08/03/2020,1.4,1.5,1.39,1.45,0.11,47,4583,16.66%,0.058657652449618,0.0017626984517432,-0.0064649831760161,0.46396935869589,0.24034558116874,1.5499999999283,328.79,450
07/31/2020,1.34,1.34,1.34,1.34,-0.03,1,4581,16.47%,0.052744099265864,0.0016470318121816,-0.0058144772453824,0.42492945961699,0.21652983692923,1.3500267230958,326.52,450
07/28/2020,1.12,1.12,1.12,1.12,-0.28,1,4581,16.80%,0.048577294328863,0.0015312472660977,-0.0054710684390128,0.3926357141711,0.19825839856332,1.2349999997779,321.17,450
07/27/2020,1.12,1.4,1.12,1.4,0.2,24,4583,16.69%,0.050771553228519,0.0015860198128811,-0.0056562800889202,0.40958480271567,0.20775421407025,1.300023896382,323.22,450
07/24/2020,1.2,1.21,1.18,1.2,0,37,4583,16.78%,0.048537278882361,0.0015285562257567,-0.0054363752711228,0.39345261097567,0.19934745284361,1.2349999997169,320.88,450
07/23/2020,1.34,1.34,1.2,1.2,-0.15,29,4583,16.62%,0.050151188155083,0.0015727522662078,-0.0055482626647486,0.40674927347224,0.20663149257511,1.2800281470995,322.96,450
07/22/2020,1.45,1.45,1.24,1.35,0.02,29,4597,16.29%,0.052809377322202,0.0016512788532226,-0.0057144309499875,0.42929915090891,0.22068286471238,1.350037579655,326.86,450
07/21/2020,1.42,1.42,1.33,1.33,-0.01,43,4597,16.38%,0.051078599437273,0.0016062924937575,-0.0055684726441848,0.41610123040577,0.21268050671708,1.3000275802083,325.01,450
07/20/2020,1.41,1.41,1.34,1.34,0.07,32,4585,16.54%,0.051913997394667,0.0016131225529783,-0.0056773825501934,0.42097421887067,0.21583758560587,1.335032493663,324.32,450
07/17/2020,1.27,1.27,1.27,1.27,0.08,2,4585,16.82%,0.051302686364638,0.0015800757111068,-0.0056611817318303,0.41479376629066,0.21248204409455,1.3300013979114,321.72,450
07/15/2020,1.25,1.42,1.25,1.42,0.27,116,4684,16.91%,0.052970695477408,0.0016081247428864,-0.0058332210009889,0.42638338058519,0.21997725458966,1.3900042787595,321.85,450
07/14/2020,1.11,1.15,1.08,1.15,0.05,187,4684,16.70%,0.046197394793126,0.0014711499308459,-0.0051190318227877,0.37932059891839,0.19260579200823,1.1649999995492,318.92,450
07/10/2020,0.96,1.1,0.96,1.08,0.08,22,4729,16.58%,0.043355985674419,0.0014090166207463,-0.0047828569759335,0.36022158817528,0.1816061073671,1.0750060988488,317.59,450
07/06/2020,1.05,1.07,1.03,1.05,0.02,62,4789,16.52%,0.042541203251165,0.0013901122027205,-0.0046681552565941,0.35539725508792,0.17923395057018,1.0500214096012,317.05,450
07/02/2020,0.99,1.13,0.93,1.03,-0.02,31,4791,17.09%,0.042169351846355,0.001349906472159,-0.0047129555120101,0.34871673769546,0.17573363732953,1.0600254277882,312.23,450
07/01/2020,0.86,1.05,0.86,1.05,0.19,34,4789,17.18%,0.040927049663112,0.0013162227065782,-0.0045989488581279,0.33880792524575,0.16994225678774,1.0250110469628,310.52,450
06/30/2020,0.87,0.9,0.82,0.86,0.06,7,4788,16.98%,0.036335090185311,0.0012159539605989,-0.0040945424457972,0.30566519779422,0.15058015187877,0.88002157893008,308.36,450
06/29/2020,0.97,0.97,0.8,0.8,-0.03,17,4788,17.33%,0.034846616736506,0.0011650928016509,-0.0039879367727161,0.29188610978469,0.14278358511852,0.84499999946198,304.46,450
06/26/2020,0.8,0.88,0.8,0.83,-0.13,7,4788,17.86%,0.034720304071607,0.0011404751998317,-0.0040355608070864,0.2875300205444,0.1405876591907,0.85502601658346,300.05,450
06/25/2020,0.8,0.96,0.8,0.96,0.05,8,4789,17.37%,0.039364430259432,0.0012678583163265,-0.0044378707659725,0.32660630868759,0.16341871230739,0.98502824105726,307.35,450
06/24/2020,0.95,1,0.9,0.91,-0.15,33,4784,17.58%,0.037373040754001,0.0012121054004184,-0.0042619779059441,0.31002733747549,0.15377647916801,0.93002506098471,304.09,450
06/22/2020,1.02,1.1,0.96,1.1,0.07,34,4742,17.17%,0.042228813801379,0.0013395881218029,-0.0046748028974603,0.35032117811638,0.17795779515354,1.0700123148303,310.62,450
06/19/2020,1.13,1.13,0.95,1.03,-0.04,14,4742,17.34%,0.041691710027783,0.001317624224541,-0.0046350749935998,0.34538058536567,0.17535287151945,1.0599999998748,308.64,450
06/17/2020,1.05,1.18,1.05,1.13,0.12,234,4740,17.14%,0.043773192806499,0.0014777749846012,-0.0047826733149148,0.3632199848194,0.18519721932032,1.1200347028053,311.66,450
06/16/2020,0.8,1.09,0.8,1.01,0.35,81,4740,16.74%,0.041624026709129,0.0013419281420018,-0.0044937985455721,0.35051028028444,0.17764503301709,1.0399999997626,312.96,450
06/15/2020,0.97,1.05,0.65,0.66,0.03,175,4722,16.90%,0.035501379802848,0.0011882923509526,-0.0039087685908655,0.30246811216084,0.15034110854932,0.86002064718796,307.05,450
06/11/2020,0.89,1.04,0.63,0.63,-0.51,684,4555,17.41%,0.0330261544947,0.0011062932655784,-0.0037134730634398,0.27999066972771,0.13770069684504,0.79999999894249,300.61,450
06/09/2020,0.97,1.06,0.87,1.06,-0.03,238,4506,15.67%,0.042247798803969,0.0014077116551359,-0.0043156609550721,0.3658190650795,0.18781751334302,1.0250256152873,320.79,450
06/08/2020,0.9,1.09,0.86,1.09,0.23,268,4454,15.22%,0.040923162544759,0.0014005398018768,-0.0041053959373208,0.35950831109452,0.18410255362305,0.9699999961505,323.2,450
06/03/2020,0.65,0.82,0.63,0.79,0.15,132,4493,15.64%,0.031237828097402,0.0011258009641927,-0.0032570057692764,0.27964063923262,0.13828227386688,0.71001414462979,312.18,450
06/01/2020,0.55,0.56,0.55,0.55,0.05,140,4579,15.80%,0.025738538694508,0.00096700780107281,-0.0027436347294074,0.23339842554342,0.11222104934858,0.56500189093915,305.55,450
05/29/2020,0.53,0.55,0.5,0.5,0,112,4579,15.73%,0.024240459469418,0.00092521844270099,-0.0025797300634797,0.22162187825193,0.1059125973721,0.52501780879899,304.32,450
05/28/2020,0.47,0.55,0.47,0.5,0,67,4586,15.87%,0.024139548463125,0.00091711046992406,-0.0025811203110927,0.22004484310288,0.10511439053487,0.52499999960196,302.97,450
05/27/2020,0.45,0.5,0.45,0.5,0,45,4567,15.60%,0.02275987885078,0.00088529103556217,-0.0024177323672109,0.2099908983984,0.099659193599715,0.48501468039577,303.53,450
05/22/2020,0.5,0.5,0.4,0.4,-0.09,16,4568,16.26%,0.020792590922402,0.00080541438079376,-0.0022660482458824,0.19014105248791,0.089202713955601,0.44501499658318,295.44,450
05/21/2020,0.45,0.5,0.41,0.49,0.03,43,4589,16.34%,0.020934240806879,0.00080685043683093,-0.0022831780825656,0.1910267730743,0.089741652371453,0.4500135981366,294.88,450
05/20/2020,0.44,0.5,0.44,0.46,0.01,44,4571,16.10%,0.021052220836384,0.00081658957800261,-0.0022714459708189,0.19343328636132,0.09110605986816,0.45001326269223,296.93,450
05/19/2020,0.46,0.5,0.39,0.45,-0.05,182,4564,16.62%,0.020588885316539,0.00078867111862886,-0.0022651355354297,0.18679465870846,0.087583619919063,0.44501231270394,291.97,450
05/18/2020,0.5,0.5,0.39,0.5,0.11,61,4564,16.34%,0.021299638634063,0.00081649787075114,-0.0023118845437525,0.19439096942829,0.091752649971208,0.46000442690575,295,450
05/15/2020,0.4,0.4,0.39,0.39,-0.01,2,4564,16.97%,0.018667502539708,0.00072249016342925,-0.0020811714582597,0.16908499488271,0.07835695124044,0.39999999993223,286.28,450
05/14/2020,0.4,0.4,0.4,0.4,-0.1,1,4564,17.25%,0.019506282726812,0.00074044764662519,-0.0021855701599232,0.17484793746134,0.081474571065702,0.42501126839001,284.97,450
05/13/2020,0.46,0.5,0.2,0.5,0.1,197,4588,17.51%,0.018635682867182,0.0007095164319997,-0.0021088397060118,0.1663346457533,0.077007840972495,0.40499999688434,281.6,450
05/12/2020,0.48,0.55,0.4,0.4,-0.1,345,4552,17.22%,0.020829970372207,0.00077834769556137,-0.0023159182817274,0.18624981043517,0.087713847565438,0.46001352633618,286.67,450
05/11/2020,0.5,0.7,0.46,0.5,-0.1,519,4549,16.84%,0.023236076130739,0.00085476476422439,-0.0025269735696649,0.20856605945538,0.099975410842307,0.52001316034705,292.5,450
05/04/2020,0.6,0.6,0.39,0.52,-0.06,145,4507,17.76%,0.022549367459744,0.0008101772508168,-0.0025109308182049,0.19823114697538,0.094740985556729,0.5150196934661,283.57,450
05/01/2020,0.55,0.6,0.5,0.58,0.01,37,4496,18.06%,0.02417206047645,0.0008452235363458,-0.0026936588473539,0.2100642077337,0.10148785078663,0.56499999936985,282.79,450
04/30/2020,0.5,0.6,0.5,0.57,-0.08,30,4482,17.24%,0.025279470597864,0.00089437767228277,-0.0027308000378842,0.22423073672986,0.10950580756064,0.58501184041619,290.48,450
04/29/2020,0.65,0.7,0.4,0.65,0,38,4479,17.24%,0.028077761673784,0.00096656856396701,-0.0030074941610312,0.24724508369701,0.122670734376,0.66501433539965,293.21,450
04/28/2020,0.68,0.75,0.65,0.65,-0.04,35,4477,17.95%,0.026281434048542,0.00090057549972217,-0.0028893542855307,0.22818315787742,0.11188764891326,0.62502246913638,285.73,450
04/27/2020,0.55,0.7,0.55,0.69,0.09,107,4476,17.86%,0.027007781221423,0.00092086406541936,-0.0029526572920875,0.23469659549395,0.11567293795687,0.64501490024756,287.05,450
04/24/2020,0.61,0.69,0.55,0.6,0,49,4466,18.24%,0.026278354641661,0.00089188588700759,-0.0029023493622863,0.22665145237284,0.11131768846829,0.63001701777102,282.97,450
04/23/2020,0.35,0.65,0.31,0.6,-0.01,442,4062,18.68%,0.025889290163757,0.00087142889214004,-0.0028940627532762,0.22092534514681,0.10814209450803,0.62500471506178,279.08,450
04/22/2020,0.6,0.65,0.59,0.61,0.03,23,4040,18.55%,0.02508662382216,0.00085377142181732,-0.0027955076200234,0.21536716033405,0.10507622755923,0.60001080771509,279.1,450
04/20/2020,0.5,0.75,0.5,0.59,-0.08,234,4153,18.35%,0.026014241869558,0.00088079833983159,-0.0028659493901223,0.22434114851878,0.11029357738594,0.62499999812734,281.59,450
04/17/2020,0.55,0.67,0.55,0.67,-0.01,8,4149,17.92%,0.027907104098269,0.00093748444491779,-0.0030091687589026,0.24270534178525,0.12100813033891,0.67501705335165,286.64,450
04/15/2020,0.5,0.8,0.5,0.7,0.02,260,4107,18.94%,0.027377262892327,0.00089876053878449,-0.0030428656316388,0.23178734128927,0.11492022140043,0.67501864900218,277.76,450
04/14/2020,0.68,0.85,0.55,0.68,0.05,61,4078,17.92%,0.025868129288682,0.00088655270583907,-0.0028050222338912,0.2260811472632,0.11174180434725,0.61502091817569,283.79,450
04/13/2020,0.61,0.75,0.55,0.63,-0.07,46,4036,19.00%,0.026368679624012,0.00087349704391542,-0.0029445403483601,0.2232826486916,0.11021618368173,0.64501753726565,275.66,450
04/09/2020,0.55,0.7,0.55,0.7,0.15,26,4031,18.56%,0.02585889103572,0.00086906804930351,-0.0028398391881013,0.22238467275159,0.10998942052476,0.62499999986112,278.2,450
04/08/2020,0.6,0.6,0.55,0.55,-0.07,2,4031,19.13%,0.026096344084554,0.00086184501354656,-0.0029029427840566,0.22087955898684,0.10919585722833,0.64000924097406,274.03,450
04/07/2020,0.7,0.7,0.62,0.62,-0.03,11,4031,20.35%,0.026419005987257,0.00084510417549579,-0.0030186280864966,0.21603332301841,0.10649626404069,0.66501889513288,265.13,450
04/06/2020,0.65,0.65,0.63,0.65,0.07,25,4032,20.21%,0.025331566467261,0.00082197496157918,-0.002887819873081,0.20852566144481,0.10230970009517,0.63001827793139,264.86,450
04/03/2020,0.58,0.7,0.58,0.58,0.01,8,4029,22.45%,0.025288781969462,0.00078625599140781,-0.0029977347055158,0.19549515831461,0.095167436549766,0.65000994099484,248.19,450
04/02/2020,0.45,0.65,0.45,0.57,0,0,4029,22.01%,0.025703065205105,0.00080086266442004,-0.0030159491616933,0.20124247583108,0.098450913782466,0.66001504447792,251.83,450
04/01/2020,0.45,0.65,0.45,0.57,0.07,81,4040,22.43%,0.023711701379899,0.00075077603616541,-0.002810187387139,0.18397417130541,0.088881660378903,0.59999999965418,246.15,450
03/31/2020,0.5,0.75,0.5,0.5,-0.27,420,4034,20.92%,0.024249053671533,0.00078299567679631,-0.0027888366238756,0.1964973414478,0.095920794111503,0.6050148227579,257.75,450
03/30/2020,0.8,0.8,0.5,0.77,-0.03,41,4042,20.94%,0.027721267534669,0.00086102602617745,-0.0031606255153415,0.22323666599109,0.11116436742945,0.71501219699322,261.65,450
03/24/2020,1,4.83,0.5,0.55,-0.22,6,4047,23.01%,0.025610987447684,0.00078533305085555,-0.0030299288771683,0.19498606425898,0.095511637276946,0.66499999779702,243.15,450
03/23/2020,0.5,0.77,0.5,0.77,0.12,3,4045,26.85%,0.030252442340523,0.00084184606372731,-0.0037184799965356,0.20536801482012,0.10142174296153,0.8450115781813,222.95,450
03/20/2020,0.63,0.7,0.51,0.65,0.06,70,4045,25.06%,0.025521435189879,0.0007613929469717,-0.003077817056287,0.18341313220127,0.089253493732825,0.67501127024934,228.8,450
03/19/2020,0.65,0.88,0.5,0.59,-0.06,391,3932,24.06%,0.028835582558011,0.00083486932997327,-0.0033907072319131,0.21349100860511,0.10631111722892,0.7850205298135,240.51,450
03/18/2020,0.65,0.67,0.58,0.65,0.12,204,3859,23.33%,0.024325661275209,0.00074799715611233,-0.0028442008073685,0.18501695842142,0.090290611172901,0.6300110422049,240,450
03/17/2020,0.8,0.8,0.5,0.53,-0.22,648,3795,21.16%,0.022427497191181,0.00073079825589945,-0.0025400199591005,0.18222851263121,0.088808148520266,0.5550067256736,252.8,450
03/16/2020,0.64,0.79,0.58,0.75,0.2,110,3768,24.08%,0.028990767733774,0.00083802741813693,-0.0034041042732704,0.21432277867904,0.10704952336831,0.7900205717801,239.85,450
03/12/2020,0.45,0.75,0.45,0.66,0.14,383,3570,21.98%,0.024163060155318,0.0007602901349069,-0.0027586004983861,0.19107210608617,0.094071391277845,0.61501816403918,248.11,450
03/10/2020,0.74,1.12,0.34,0.55,-0.2,805,3703,16.60%,0.023069858020556,0.00083264343045224,-0.0023076257984756,0.21415433580043,0.10736085140104,0.52499999979219,288.42,450
03/06/2020,0.52,0.65,0.52,0.55,0.06,17,3725,15.98%,0.026814323123752,0.00094947639967181,-0.0025767247073194,0.25117911837662,0.12857073754934,0.62002374400747,297.46,450
03/05/2020,0.51,0.51,0.49,0.49,-0.03,2,3677,14.68%,0.021499038079148,0.00084336722779296,-0.0020022316535323,0.212452349465,0.10672829203288,0.45501536314884,302.46,450
03/04/2020,0.45,0.55,0.45,0.52,0.27,26,3662,13.73%,0.023974038460479,0.0009546459856697,-0.0021307430937543,0.24107077279904,0.12359762269304,0.49999999992096,312.86,450
03/02/2020,0.45,0.65,0.4,0.4,-0.24,95,3569,14.51%,0.028963592762925,0.0010683758286252,-0.0026661975853931,0.27923407673712,0.14691910808227,0.6450056798851,309.09,450
02/28/2020,0.59,0.65,0.5,0.64,0.29,132,3512,15.51%,0.027973480920286,0.0010009461610715,-0.0026918333103801,0.26299489396151,0.13727975450671,0.64001780766351,299.06,450
02/26/2020,0.43,0.57,0.43,0.43,-0.17,79,3420,13.34%,0.023206701560377,0.00095380206550801,-0.0021017734465144,0.23474998067426,0.12100110732254,0.47000255184568,311.5,450
02/25/2020,0.45,0.6,0.45,0.6,0,17,3387,13.70%,0.028083158200698,0.001084520234242,-0.0025474229233645,0.27653095310253,0.14646549266409,0.60002721308508,312.65,450
02/24/2020,0.43,0.65,0.43,0.6,-0.15,25,3079,12.62%,0.028817839685287,0.0011659505463354,-0.0024818399323385,0.29160938650328,0.15594446559713,0.59001679856721,322.42,450
02/20/2020,0.77,0.77,0.77,0.77,-0.08,75,2943,11.62%,0.038073794907681,0.0015189404148685,-0.0030303411823055,0.38432895900735,0.21652424740803,0.78502691459962,336.95,450
02/19/2020,0.8,0.85,0.8,0.85,0.18,2,2344,11.37%,0.037081795501257,0.0015115157898786,-0.0029162585278436,0.37797902404989,0.21240377394833,0.7500251986483,338.34,450
02/14/2020,0.77,0.77,0.77,0.77,0,0,2270,11.57%,0.039287599518476,0.0015556245408423,-0.0030952731143827,0.3966896591553,0.22564190529015,0.81502816129271,337.6,450
02/13/2020,0.77,0.77,0.77,0.77,0,0,1745,11.45%,0.036863505540525,0.0014932257582607,-0.0028995060988451,0.37631139267767,0.21203572856444,0.7500247517853,337.06,450
02/11/2020,0.77,0.77,0.77,0.77,0,0,1383,11.49%,0.034926079518339,0.0014288545348602,-0.0027647360149534,0.35863249632771,0.20050850443388,0.70500488588962,335.26,450
02/10/2020,0.77,0.77,0.77,0.77,0.02,1,1381,11.72%,0.036944215165956,0.0014681233047681,-0.0029363760049492,0.37508909703646,0.21157618406498,0.7650265810837,334.68,450
02/06/2020,0.75,0.75,0.75,0.75,0.01,10,1380,11.66%,0.036016741043188,0.0014441904542563,-0.002862698153928,0.36762825245852,0.20709180970742,0.74002629971706,333.98,450
02/05/2020,0.69,0.79,0.69,0.74,0.04,27,1263,11.78%,0.035805897154553,0.0014268358727941,-0.002859344737035,0.36488638563742,0.20537424456259,0.74003092317302,332.86,450
02/04/2020,0.67,0.7,0.67,0.7,-0.12,70,1178,12.08%,0.03413889328851,0.0013526192058941,-0.0027805450258763,0.34712594718709,0.19371096606461,0.71002672948239,329.06,450
02/03/2020,0.55,0.82,0.55,0.82,0,0,1178,12.16%,0.028549555932869,0.0011760177958008,-0.0023703506892366,0.2951882045014,0.16019680268849,0.57501399279005,324.12,450
01/31/2020,0.55,0.82,0.55,0.82,0,0,1173,12.55%,0.030083139663647,0.0011964883682038,-0.0025263033407098,0.30661415548466,0.16777444533464,0.62502329412255,321.73,450
01/30/2020,0.55,0.82,0.55,0.82,0.22,20,1288,11.89%,0.030496844591415,0.0012527740169639,-0.0024739364953033,0.31608117660989,0.1739760573634,0.61501313553972,327.68,450
01/29/2020,0.57,0.6,0.57,0.6,-0.03,3,1287,11.99%,0.030574342040582,0.0012482064473466,-0.0024958968218916,0.31593228142926,0.174060507861,0.62001741634313,326.62,450
01/27/2020,0.55,0.57,0.55,0.57,-0.1,242,1044,12.13%,0.028540007438172,0.0011750400166663,-0.0023610034154003,0.29595603659183,0.16142827982516,0.57501369099279,323.5,450
01/24/2020,0.66,0.67,0.66,0.67,-0.03,11,1043,11.94%,0.03363517369309,0.0013424550462382,-0.0027075710931078,0.34520145017046,0.19376695637183,0.69499999955003,328.77,450
01/23/2020,0.7,0.73,0.7,0.7,0,0,1043,11.75%,0.035511765119806,0.0014129524907546,-0.0028101771456097,0.36441153104695,0.20669655919177,0.73503306529557,331.72,450
01/22/2020,0.7,0.73,0.7,0.7,-0.02,8,1034,11.71%,0.034353161398454,0.0013807051052628,-0.002714474281685,0.35447582568334,0.20006734083547,0.70503207002542,331.34,450
01/21/2020,0.6,0.72,0.6,0.72,0.07,79,955,11.65%,0.033622996127866,0.0013628385439939,-0.0026509289974928,0.34847550834917,0.19618330036568,0.68502080876984,331.3,450
01/17/2020,0.65,0.65,0.65,0.65,-0.07,2,973,11.65%,0.035404769876008,0.0014145871423761,-0.0027773265881374,0.36524235219267,0.20797495365082,0.73002430816178,331.95,450
01/15/2020,0.72,0.72,0.72,0.72,0,0,973,11.89%,0.033197425647764,0.0013273089248042,-0.0026476845454793,0.34297593052912,0.19328148166117,0.68502426854252,328.19,450
01/14/2020,0.72,0.72,0.72,0.72,-0.03,1,972,11.96%,0.033294681687644,0.001324740925519,-0.0026661965614389,0.34325129352701,0.19358631402365,0.69002609557889,327.45,450
01/13/2020,0.73,0.8,0.73,0.75,0.02,203,776,12.06%,0.035310164330158,0.0013758775862041,-0.0028232065655476,0.36099178598523,0.20557131732006,0.74501726388693,327.95,450
01/10/2020,0.73,0.73,0.73,0.73,0,0,775,12.19%,0.033904262488187,0.0013229965573789,-0.0027282734227572,0.34746682681766,0.1968253150955,0.7150256513795,325.71,450
01/09/2020,0.73,0.73,0.73,0.73,-0.01,2,774,12.18%,0.035286139152213,0.0013638770917097,-0.0028275798167184,0.36031094938373,0.20557274365836,0.75002897861211,326.65,450
01/08/2020,0.82,0.82,0.74,0.74,-0.12,13,774,12.38%,0.034792096612763,0.0013342934100592,-0.0028183875328648,0.35399729385365,0.20143468403802,0.74502484419833,324.45,450
01/07/2020,0.68,0.86,0.68,0.86,0,0,773,12.61%,0.035013107218902,0.0013227589392467,-0.0028568705308014,0.35417250739253,0.201566983677,0.76001789453804,322.73,450
01/06/2020,0.68,0.86,0.68,0.86,0,0,773,12.41%,0.033936603769078,0.0013056069003583,-0.0027467469618735,0.34643178234453,0.19648487361521,0.72502279862138,323.64,450
12/31/2019,0.65,0.65,0.65,0.65,0,0,765,12.48%,0.033217003379641,0.0012776348582502,-0.0026951739243304,0.33984814034463,0.19282632170528,0.7100197533644,321.86,450
12/30/2019,0.65,0.65,0.65,0.65,-0.1,2,763,12.55%,0.033113364313542,0.0012693416060388,-0.0026944534834496,0.33837185036448,0.19194666468646,0.71002259352158,321.08,450
12/26/2019,0.75,0.75,0.75,0.75,0,0,762,12.23%,0.032728926397773,0.0012782919386183,-0.0026260727604139,0.33797473297855,0.19212987559146,0.69002292336181,322.94,450
12/24/2019,0.75,0.75,0.75,0.75,0,0,762,12.39%,0.0323032843587,0.0012540074816937,-0.0026062520980991,0.33300580403732,0.18901148911168,0.6850207037233,321.23,450
12/20/2019,0.72,0.72,0.72,0.72,0,0,160,12.37%,0.031896296328035,0.0012412588285236,-0.0025662805971243,0.32988517538096,0.18734442052124,0.67502029716069,320.73,450
12/19/2019,0.72,0.72,0.72,0.72,-0.04,1,160,12.32%,0.033435549512804,0.001294484808708,-0.0027164424267025,0.34359736401842,0.19694766865135,0.71002344222921,320.9,450
12/18/2019,0.76,0.76,0.76,0.76,0,0,160,12.27%,0.031334688195846,0.0012359158565528,-0.0025542326993354,0.32459467254869,0.18445411474023,0.65501989541892,319.59,450
12/17/2019,0.76,0.76,0.76,0.76,-0.01,1,160,12.34%,0.032218276396208,0.0012566488328262,-0.0026262510710113,0.33231516236794,0.18972740951244,0.68002103176562,319.57,450
12/16/2019,0.72,0.77,0.72,0.77,0.03,11,164,12.57%,0.035173793962207,0.0013248243724205,-0.0028780787420482,0.3572982511723,0.20677971225123,0.76503354583499,319.5,450
12/13/2019,0.79,0.79,0.74,0.74,0,0,161,12.40%,0.030321571341236,0.0011943159025598,-0.0024799699609648,0.31465576305945,0.17817222280374,0.63501736685779,317.32,450
12/12/2019,0.74,0.74,0.74,0.74,0.11,1,158,12.47%,0.031240943834618,0.0012178884727198,-0.0025625416993027,0.32252994314751,0.18368891726459,0.66001778657798,317.13,450
12/11/2019,0.63,0.63,0.63,0.63,0,0,157,12.53%,0.028375860221747,0.0011279405150011,-0.0023434734862598,0.29547130801131,0.1657068246594,0.5899999937983,314.42,450
12/10/2019,0.63,0.63,0.63,0.63,0,0,157,12.67%,0.029217662364976,0.0011450203499107,-0.0024272738903992,0.30205761425299,0.17028229428796,0.61502177801774,313.53,450
12/06/2019,0.63,0.63,0.63,0.63,0,0,148,12.87%,0.03315707850611,0.0012430625036165,-0.0027320407081374,0.33759875675067,0.19426725666774,0.7250120907301,314.87,450
12/05/2019,0.63,0.63,0.63,0.63,0.03,2,149,12.63%,0.027007057571064,0.0010776963522808,-0.0022329959046804,0.28247121023943,0.15773803680389,0.56002730000731,312.02,450
12/04/2019,0.58,0.61,0.58,0.6,0,0,149,12.59%,0.026035329354783,0.0010499727757992,-0.0021528102486601,0.2736501922332,0.15209975872178,0.53502265707834,311.46,450
12/03/2019,0.58,0.61,0.58,0.6,-0.03,8,146,12.96%,0.027437307647899,0.0010715527932065,-0.0022873878762906,0.2842947227883,0.15906222070565,0.58002197002614,309.55,450
12/02/2019,0.63,0.63,0.63,0.63,0,0,146,12.52%,0.025894395609909,0.0010488939140786,-0.0021357065755138,0.27291692488637,0.15179833031386,0.53002187449344,311.64,450
11/29/2019,0.63,0.63,0.63,0.63,0,0,146,12.72%,0.031368721198806,0.0011983187891464,-0.0025624272785907,0.32338461665698,0.18538222767707,0.67499999993029,314.31,450
11/27/2019,0.63,0.63,0.63,0.63,0,0,145,12.58%,0.031529225495895,0.0012110721634036,-0.0025560894068276,0.32637534362278,0.18760286378871,0.67502054245488,315.48,450
11/26/2019,0.63,0.63,0.63,0.63,0,0,145,12.33%,0.026843208093327,0.0010854973472871,-0.0021704595733043,0.28452194015045,0.15984661266492,0.55002555327911,314.08,450
11/25/2019,0.63,0.63,0.63,0.63,0,0,135,12.62%,0.029508106027689,0.0011483598270089,-0.002403323455282,0.30729166122711,0.17498985690085,0.62501952911754,313.37,450
11/22/2019,0.63,0.63,0.63,0.63,0,0,135,12.79%,0.02871798138726,0.0011145869726975,-0.0023554610005252,0.29869102497245,0.16954924045867,0.61001599651643,310.96,450
11/20/2019,0.63,0.63,0.63,0.63,-0.07,2,133,13.07%,0.031250481644307,0.0011696891535808,-0.0025629801177772,0.32052892598723,0.18429960076508,0.6850198608711,310.77,450
11/19/2019,0.7,0.7,0.7,0.7,0,0,133,12.76%,0.02968957161188,0.0011429456516076,-0.0024165456694337,0.30858288928476,0.17641034985409,0.6349999986163,311.93,450
11/18/2019,0.7,0.7,0.7,0.7,0,15,76,12.81%,0.030397940316775,0.0011600932576175,-0.0024723347088606,0.3149487760798,0.18077505614493,0.65502118436059,312.02,450
11/14/2019,0.63,0.7,0.63,0.7,0,0,76,12.83%,0.028008091993433,0.0010874151372203,-0.0022846185573476,0.29266475163413,0.166257342726,0.59499999996993,309.55,450
11/13/2019,0.63,0.7,0.63,0.7,0,2,75,12.83%,0.027834911432168,0.0010833154274986,-0.0022763357245277,0.29091377335337,0.1652008168616,0.59001681670887,309.1,450
11/12/2019,0.7,0.7,0.7,0.7,-0.01,1,75,12.96%,0.029437941663231,0.0011225513247577,-0.0024135945749138,0.30483931229715,0.17457594512263,0.63499999994731,309,450
11/11/2019,0.7,0.71,0.7,0.71,0,0,72,12.91%,0.028339020758429,0.0010937385828478,-0.0023259752147638,0.2949280835571,0.1681977917725,0.60501589418315,308.35,450
11/08/2019,0.7,0.71,0.7,0.71,0.08,5,72,12.89%,0.029100566437828,0.0011151891398017,-0.0023752685110598,0.30262675131659,0.17361079436463,0.62501349500974,308.94,450
11/07/2019,0.62,0.63,0.62,0.63,0.04,3,70,13.01%,0.029544998496584,0.0011212268331559,-0.0024186952767361,0.30587983473116,0.17574063926395,0.63999999519237,308.18,450
11/06/2019,0.57,0.59,0.57,0.59,0.02,11,74,13.00%,0.02779387444975,0.0010699112017408,-0.0022725359630329,0.28991145685907,0.16513927949464,0.59501430315746,307.1,450
11/05/2019,0.56,0.57,0.56,0.57,0.03,6,70,13.04%,0.028333486169395,0.0010834183048173,-0.0023179836321933,0.29469305450309,0.16841563099872,0.61002502540128,307.03,450
11/04/2019,0.54,0.54,0.54,0.54,0,0,70,13.01%,0.028335839195539,0.0010837435671325,-0.002308947316947,0.29522208764969,0.16884635615048,0.60999999880575,307.37,450
11/01/2019,0.54,0.54,0.54,0.54,0,0,70,13.13%,0.028176728641735,0.0010710576163455,-0.0022965370791449,0.29319730123201,0.16772110062685,0.61001855003479,306.14,450
10/31/2019,0.54,0.54,0.54,0.54,0,0,70,13.27%,0.026303527611421,0.0010097439432578,-0.0021599766952961,0.2744900940354,0.15539748365878,0.56499999979899,303.33,450
10/30/2019,0.54,0.54,0.54,0.54,0,0,70,13.24%,0.027512069533825,0.0010471929238217,-0.0022595423910702,0.28589493136297,0.16307285637575,0.59501827484804,304.14,450
10/29/2019,0.54,0.54,0.54,0.54,0,0,70,13.41%,0.028493146173791,0.001066879767664,-0.0023527522460422,0.29361368765467,0.16831511839065,0.62500537392285,303.21,450
10/28/2019,0.54,0.54,0.54,0.54,0,0,75,13.43%,0.02884460203358,0.0010754593972018,-0.002378973052798,0.29688378989666,0.17059283213455,0.63501918189866,303.3,450
10/25/2019,0.54,0.54,0.54,0.54,0,12,75,13.46%,0.027472205247122,0.0010341699888022,-0.0022693338132434,0.28400884999799,0.16224926926665,0.60001415102247,301.6,450
10/24/2019,0.49,0.54,0.49,0.54,0.06,8,73,13.25%,0.023961689895453,0.00094055934719646,-0.0019741173929986,0.25247101322228,0.14158584155908,0.5050165588534,300.37,450
10/23/2019,0.48,0.48,0.48,0.48,-0.01,2,71,13.19%,0.023011714709679,0.00091421865101735,-0.0018949059796783,0.24378673590574,0.13603922454792,0.48001238119069,299.88,450
10/22/2019,0.49,0.49,0.49,0.49,0.01,2,69,13.27%,0.023145336314443,0.00091471154356115,-0.00191249251078,0.24440783528349,0.13651656182983,0.48501082018503,299.01,450
10/18/2019,0.55,0.55,0.55,0.55,0.12,1,67,13.44%,0.02377616013234,0.00092523778510975,-0.0019639426087219,0.24971184403297,0.14021461372808,0.50501237553585,297.97,450
10/17/2019,0.56,0.56,0.43,0.43,0.01,23,47,13.19%,0.022980014650221,0.00091151364316141,-0.0018844946006679,0.24389020103375,0.1365357685558,0.48001209819136,299.28,450
10/16/2019,0.42,0.42,0.42,0.42,-0.05,2,45,13.13%,0.021606002329274,0.00087126290115512,-0.0017713690637897,0.23100611062753,0.12830800358088,0.44501349471259,298.4,450
10/14/2019,0.37,0.47,0.37,0.47,0.11,4,40,13.21%,0.020538374073632,0.00083517215129528,-0.0016975017414412,0.21976311286034,0.12128263526505,0.42002026498417,295.95,450
10/11/2019,0.36,0.36,0.36,0.36,-0.09,2,40,13.16%,0.020558396791254,0.00083690368861221,-0.0016906632447783,0.22058383759286,0.12199272548191,0.42001692176786,296.28,450
10/10/2019,0.45,0.45,0.45,0.45,0,0,40,13.29%,0.01859137935002,0.00076867742069796,-0.0015357449705099,0.20058728632429,0.10940975561537,0.37501255396389,293.24,450
10/09/2019,0.45,0.45,0.45,0.45,0.13,27,40,13.42%,0.017867864955513,0.00074006442514325,-0.0014808527571239,0.19273229068319,0.10456357068862,0.360007288993,291.27,450
10/08/2019,0.43,0.43,0.32,0.32,-0.16,3,39,13.76%,0.018081465012384,0.00073591912611208,-0.0015107008753659,0.19295885445055,0.1045894915909,0.36999999977567,288.53,450
10/04/2019,0.48,0.48,0.48,0.48,0.15,1,38,13.05%,0.017405141543571,0.00073456451144233,-0.001411198043309,0.19103460346843,0.10360648009562,0.34501058315341,294.35,450
10/03/2019,0.33,0.33,0.33,0.33,0,0,38,13.87%,0.020591166794006,0.00080762627919348,-0.0017021771702365,0.21750700479732,0.12027919803373,0.43501621950396,290.42,450
10/02/2019,0.33,0.33,0.33,0.33,-0.14,2,36,13.51%,0.016540329303469,0.00069303639400477,-0.0013737520402091,0.17918884971742,0.096567131834093,0.3300146514666,288.06,450
10/01/2019,0.47,0.47,0.47,0.47,0,0,36,13.20%,0.018605853770284,0.00076988884844596,-0.0015218898673637,0.20178771774305,0.11069293240316,0.37501148161771,293.24,450
09/30/2019,0.47,0.47,0.47,0.47,-0.03,1,35,13.14%,0.021524126992848,0.00086418732008151,-0.0017455633630575,0.23117800046124,0.12948996196249,0.44501204234815,296.77,450
09/26/2019,0.5,0.5,0.5,0.5,0,0,35,13.13%,0.022117165996157,0.00088173489074878,-0.0017869199901887,0.23727290315627,0.1337121565443,0.46001346690181,297,450
09/25/2019,0.5,0.5,0.5,0.5,-0.13,1,34,12.99%,0.021617140261382,0.00087200443454701,-0.0017399567652113,0.23336855768422,0.13124887205402,0.4449999998741,297.62,450
09/24/2019,0.63,0.63,0.63,0.63,0,0,34,13.35%,0.022723790691041,0.0008901710543346,-0.0018376014120574,0.24209057968802,0.136954762954,0.48000214911509,295.87,450
09/23/2019,0.63,0.63,0.63,0.63,-0.03,10,24,13.24%,0.024582315248312,0.0009500791524447,-0.0019774244050566,0.26080951559554,0.14939117672912,0.52502324879948,298.21,450
09/20/2019,0.69,0.7,0.62,0.66,0,0,24,13.34%,0.025833179168367,0.00098125670128748,-0.0020743828902378,0.27239743109758,0.15735472017825,0.56000442343423,298.28,450
09/18/2019,0.65,0.65,0.65,0.65,0.65,2,N/A,13.00%,0.025722086806346,0.00099218275883468,-0.002036209241214,0.27425822178021,0.15879751186001,0.55002701680846,301.1,450
"Downloaded from Barchart.com as of 02-03-2022 06:25am CST"
